# Noesis .obj export.
#
mtllib model.mtl
g
v  0.005121 451.205078 -1051.865356
v  -1.891110 451.518829 -1051.602173
v  0.005121 452.309479 -1053.181519
v  -1.891110 452.623230 -1052.918335
v  -1.891110 452.741150 -1053.441162
v  -2.329486 453.423645 -1053.319946
v  -2.329486 453.253510 -1054.306641
v  -2.329486 454.888702 -1054.896118
v  -2.329486 450.678741 -1058.968994
v  -2.329486 451.812317 -1060.319946
v  -2.329486 444.828094 -1063.337891
v  -2.329486 445.118317 -1065.085571
v  -2.329486 442.916718 -1063.268921
v  -2.329486 442.313995 -1064.929321
v  -2.329486 441.391296 -1062.343018
v  -2.329486 440.052673 -1063.466187
v  -2.329486 440.286896 -1061.026855
v  -2.329486 438.948273 -1062.150024
v  -2.329486 452.062653 -1051.145752
v  -2.329486 453.167053 -1052.461914
v  -2.329486 455.131683 -1053.019287
v  -2.329486 456.538483 -1055.502930
v  0.005121 452.293427 -1060.893311
v  0.005121 445.265564 -1065.813232
v  0.005121 442.073486 -1065.619751
v  0.005121 439.467010 -1063.957642
v  0.005121 438.362610 -1062.641479
v  -2.329486 453.380371 -1050.040161
v  -2.329486 454.484772 -1051.356323
v  -2.329486 456.871582 -1052.714111
v  0.005121 457.250488 -1055.756714
v  2.329532 456.538483 -1055.502930
v  2.329532 451.812317 -1060.319946
v  2.329532 454.888702 -1054.896118
v  2.329532 450.678741 -1058.968994
v  2.329532 453.253510 -1054.306641
v  2.329532 449.563416 -1057.639771
v  1.891156 449.111450 -1057.101196
v  1.891156 444.392487 -1060.949829
v  0.005121 444.326569 -1060.531372
v  0.005121 443.905212 -1060.581421
v  -2.329486 454.739899 -1048.899292
v  -2.329486 455.844299 -1050.215454
v  0.005121 456.409027 -1049.741577
v  0.005121 457.614136 -1052.579590
v  2.329532 456.871582 -1052.714111
v  0.005121 455.304626 -1048.425415
v  2.329532 454.739899 -1048.899292
v  2.329532 455.844299 -1050.215454
v  2.329532 454.484772 -1051.356323
v  2.329532 455.131683 -1053.019287
v  2.329532 453.380371 -1050.040161
v  2.329532 453.167053 -1052.461914
v  2.329532 453.423645 -1053.319946
v  2.329532 452.062653 -1051.145752
v  1.891156 452.623230 -1052.918335
v  1.891156 452.741150 -1053.441162
v  1.891156 452.591583 -1054.069946
v  0.005121 452.211914 -1053.914795
v  0.005121 448.845367 -1056.784058
v  0.005121 452.334381 -1053.508545
v  0.005121 452.309479 -1053.181519
v  1.891156 451.518829 -1051.602173
v  2.329532 438.948273 -1062.150024
v  2.329532 440.052673 -1063.466187
v  2.329532 440.286896 -1061.026855
v  2.329532 441.391296 -1062.343018
v  2.329532 441.625519 -1059.903564
v  2.329532 442.729919 -1061.219727
v  1.891156 442.169342 -1059.447266
v  1.891156 443.273743 -1060.763428
v  0.005121 442.483093 -1059.183960
v  0.005121 443.587494 -1060.500122
v  2.329532 442.313995 -1064.929321
v  2.329532 442.916718 -1063.268921
v  2.329532 443.509430 -1061.639038
v  1.891156 443.768158 -1060.970337
v  2.329532 445.118317 -1065.085571
v  2.329532 444.828094 -1063.337891
v  2.329532 444.531494 -1061.625244
v  0.005121 452.334381 -1053.508545
v  -1.891110 452.591583 -1054.069946
v  0.005121 452.211914 -1053.914795
v  -1.891110 449.111450 -1057.101196
v  0.005121 448.845367 -1056.784058
v  0.005121 444.326569 -1060.531372
v  -1.891110 444.392487 -1060.949829
v  -2.329486 449.563416 -1057.639771
v  -2.329486 444.531494 -1061.625244
v  -2.329486 443.509430 -1061.639038
v  -2.329486 442.729919 -1061.219727
v  -2.329486 441.625519 -1059.903564
v  -1.891110 442.169342 -1059.447266
v  -1.891110 443.273743 -1060.763428
v  -1.891110 443.768158 -1060.970337
v  0.005121 442.483093 -1059.183960
v  0.005121 443.587494 -1060.500122
v  0.005121 443.905212 -1060.581421
v  -6.682660 435.901215 -1059.495728
v  -8.792981 438.118317 -1057.635376
v  -6.682660 437.716370 -1061.658936
v  -8.792981 439.933472 -1059.798584
v  -2.890199 438.417572 -1062.069824
v  -2.890199 440.028107 -1060.718384
v  -2.329486 438.948273 -1062.150024
v  -2.329486 440.286896 -1061.026855
v  -10.434341 441.130219 -1055.108032
v  -10.434341 442.945374 -1057.271240
v  -2.890199 441.366730 -1059.595215
v  -2.329486 441.625519 -1059.903564
v  -10.352783 442.991760 -1053.546021
v  -10.352783 444.806915 -1055.709229
v  -2.625134 442.475281 -1058.665039
v  -1.891110 442.169342 -1059.447266
v  -8.609475 445.627197 -1051.334595
v  -8.609475 447.442322 -1053.497803
v  -2.625134 446.560272 -1055.207642
v  0.005121 446.560272 -1055.207642
v  0.005121 450.130585 -1052.241455
v  2.625181 446.560272 -1055.207642
v  2.625181 450.695313 -1051.767578
v  6.713291 450.056854 -1051.304077
v  5.540891 451.897461 -1049.759521
v  5.540891 450.082306 -1047.596313
v  4.460243 451.441864 -1046.455566
v  6.713291 448.241699 -1049.140869
v  8.609522 447.442322 -1053.497803
v  2.625181 442.475281 -1058.665039
v  0.005121 443.040039 -1058.191162
v  0.005121 442.483093 -1059.183960
v  8.609522 445.627197 -1051.334595
v  10.352830 444.806915 -1055.709229
v  2.890246 441.366730 -1059.595215
v  2.329532 441.625519 -1059.903564
v  2.329532 440.286896 -1061.026855
v  10.352830 442.991760 -1053.546021
v  10.434388 442.945374 -1057.271240
v  2.890246 440.028107 -1060.718384
v  2.329532 438.948273 -1062.150024
v  10.434388 441.130219 -1055.108032
v  8.793027 439.933472 -1059.798584
v  2.890246 438.417572 -1062.069824
v  0.005121 438.362610 -1062.641479
v  8.793027 438.118317 -1057.635376
v  6.682706 437.716370 -1061.658936
v  0.005121 436.670563 -1062.536499
v  0.005121 437.546051 -1062.475464
v  0.005121 434.855408 -1060.373291
v  6.682706 435.901215 -1059.495728
v  -6.713244 448.241699 -1049.140869
v  -6.713244 450.056854 -1051.304077
v  -2.625134 450.695313 -1051.767578
v  0.005121 451.205078 -1051.865356
v  1.891156 451.518829 -1051.602173
v  2.329532 452.062653 -1051.145752
v  2.890246 451.803864 -1050.837402
v  2.329532 453.380371 -1050.040161
v  2.890246 453.121582 -1049.731689
v  2.329532 454.739899 -1048.899292
v  2.890246 454.753021 -1048.362793
v  0.005121 455.304626 -1048.425415
v  0.005121 455.464172 -1047.765991
v  -2.890199 454.753021 -1048.362793
v  0.005121 456.812744 -1045.635132
v  -4.246106 456.268921 -1046.091431
v  -4.246106 454.453766 -1043.928223
v  -4.460196 453.256989 -1048.618774
v  -4.460196 451.441864 -1046.455566
v  -5.540844 451.897461 -1049.759521
v  -5.540844 450.082306 -1047.596313
v  4.246152 456.268921 -1046.091431
v  4.460243 453.256989 -1048.618774
v  4.246152 454.453766 -1043.928223
v  0.005121 454.997589 -1043.471924
v  -1.891110 451.518829 -1051.602173
v  -2.329486 452.062653 -1051.145752
v  -2.890199 451.803864 -1050.837402
v  -2.329486 453.380371 -1050.040161
v  -2.890199 453.121582 -1049.731689
v  -2.329486 454.739899 -1048.899292
v  1.891156 442.169342 -1059.447266
v  0.005121 447.599274 -1054.831787
v  -5.867077 450.632111 -1052.286987
v  0.005121 448.237122 -1055.591919
v  -5.867077 451.269958 -1053.047119
v  0.005121 449.387512 -1054.626709
v  -5.255390 451.897461 -1052.520630
v  -4.827209 452.064789 -1052.380127
v  -5.235001 455.829681 -1049.221069
v  -4.164547 456.185242 -1048.922729
v  -3.461107 458.988007 -1046.570923
v  0.005121 458.381439 -1047.079834
v  -3.461107 458.860413 -1046.418823
v  0.005121 458.253876 -1046.927856
v  -3.461107 458.732849 -1046.266846
v  0.005121 458.126282 -1046.775879
v  0.005121 460.364319 -1044.897949
v  3.461154 458.732849 -1046.266846
v  3.766997 460.761719 -1044.564453
v  4.878229 459.339417 -1045.757935
v  5.122904 461.033630 -1044.336304
v  5.867124 459.820496 -1045.354248
v  6.366668 461.075470 -1044.301147
v  5.867124 459.948059 -1045.506226
v  6.366668 461.203033 -1044.453247
v  5.867124 460.075623 -1045.658325
v  6.366668 461.330597 -1044.605225
v  7.212836 461.560669 -1044.412231
v  8.222119 470.240845 -1037.128662
v  7.212836 460.922821 -1043.651978
v  8.222119 469.602997 -1036.368530
v  -6.560322 454.982666 -1048.636353
v  -6.560322 455.620514 -1049.396606
v  -5.836493 455.683258 -1049.343872
v  -4.878182 459.594574 -1046.061890
v  -4.878182 459.466980 -1045.909912
v  -4.878182 459.339417 -1045.757935
v  -3.766951 460.761719 -1044.564453
v  0.005121 467.852264 -1038.614746
v  3.573297 468.145081 -1038.369019
v  6.325889 469.337311 -1037.368652
v  7.008940 469.755615 -1037.017700
v  7.008940 469.883209 -1037.169678
v  7.008940 470.010773 -1037.321777
v  8.283289 471.955963 -1035.689453
v  8.283289 471.318115 -1034.929321
v  -5.122858 461.033630 -1044.336304
v  -3.573250 468.145081 -1038.369019
v  0.005121 469.316376 -1037.386230
v  3.614075 469.713806 -1037.052734
v  6.071019 470.675934 -1036.245483
v  7.131277 471.533508 -1035.525879
v  7.131277 471.661072 -1035.677856
v  7.131277 471.788635 -1035.829956
v  8.405625 473.922089 -1034.039795
v  8.405625 473.284210 -1033.279541
v  8.181340 476.996735 -1031.459839
v  8.181340 476.358887 -1030.699585
v  7.131277 479.067444 -1029.722290
v  7.131277 478.429565 -1028.962158
v  3.858750 480.740723 -1028.318237
v  3.858750 480.102875 -1027.558105
v  0.005121 480.845306 -1028.230469
v  0.005121 480.207458 -1027.470337
v  -3.858704 480.740723 -1028.318237
v  -3.858704 480.102875 -1027.558105
v  -7.131231 479.067444 -1029.722290
v  -7.131231 478.429565 -1028.962158
v  -8.181293 476.996735 -1031.459839
v  -8.181293 476.358887 -1030.699585
v  -8.405579 473.284210 -1033.279541
v  -8.405579 473.922089 -1034.039795
v  -7.243373 474.026642 -1033.952026
v  -7.131231 471.788635 -1035.829956
v  -6.070973 470.931091 -1036.549438
v  -7.131231 471.661072 -1035.677856
v  -6.070973 470.803497 -1036.397461
v  -7.131231 471.533508 -1035.525879
v  -6.070973 470.675934 -1036.245483
v  -7.008893 469.755615 -1037.017700
v  -6.325843 469.337311 -1037.368652
v  -6.366621 461.075470 -1044.301147
v  -5.867077 459.820496 -1045.354248
v  -5.867077 459.948059 -1045.506226
v  -5.867077 460.075623 -1045.658325
v  -5.795713 472.060547 -1035.601807
v  -3.614029 469.968933 -1037.356812
v  -3.614029 469.841370 -1037.204834
v  -3.614029 469.713806 -1037.052734
v  -3.726172 471.119324 -1036.391479
v  0.005121 469.571533 -1037.690308
v  0.005121 469.443970 -1037.538208
v  -3.726172 470.481476 -1035.631348
v  0.005121 470.910156 -1036.567017
v  3.726218 471.119324 -1036.391479
v  3.614075 469.968933 -1037.356812
v  5.795760 472.060547 -1035.601807
v  6.071019 470.931091 -1036.549438
v  7.243420 474.026642 -1033.952026
v  3.614075 469.841370 -1037.204834
v  6.071019 470.803497 -1036.397461
v  -7.090452 459.395935 -1044.933228
v  -7.090452 460.033813 -1045.693359
v  -7.212789 460.922821 -1043.651978
v  -7.212789 461.560669 -1044.412231
v  -6.366621 461.330597 -1044.605225
v  -6.366621 461.203033 -1044.453247
v  -8.222073 469.602997 -1036.368530
v  -8.222073 470.240845 -1037.128662
v  -7.008893 470.010773 -1037.321777
v  -7.008893 469.883209 -1037.169678
v  -8.283241 471.955963 -1035.689453
v  -8.283241 471.318115 -1034.929321
v  0.005121 470.272308 -1035.806885
v  3.726218 470.481476 -1035.631348
v  5.795760 471.422699 -1034.841553
v  7.243420 473.388794 -1033.191895
v  7.070109 475.752319 -1031.208618
v  7.070109 476.390167 -1031.968750
v  6.203552 478.147125 -1030.494507
v  6.203552 477.509277 -1029.734375
v  3.481543 479.673981 -1029.213379
v  3.481543 479.036133 -1028.453125
v  0.005121 479.736755 -1029.160645
v  -3.481497 479.673981 -1029.213379
v  -6.203505 478.147125 -1030.494507
v  -7.070062 476.390167 -1031.968750
v  -7.070062 475.752319 -1031.208618
v  -7.243373 473.388794 -1033.191895
v  -3.481497 479.036133 -1028.453125
v  -6.203505 477.509277 -1029.734375
v  0.005121 479.098907 -1028.400513
v  -5.795713 471.422699 -1034.841553
v  4.878229 459.466980 -1045.909912
v  3.461154 458.860413 -1046.418823
v  4.878229 459.594574 -1046.061890
v  3.461154 458.988007 -1046.570923
v  4.164594 456.185242 -1048.922729
v  5.235047 455.829681 -1049.221069
v  4.827255 452.064789 -1052.380127
v  5.255436 451.897461 -1052.520630
v  5.867124 451.269958 -1053.047119
v  5.836539 455.683258 -1049.343872
v  7.090498 460.033813 -1045.693359
v  7.090498 459.395935 -1044.933228
v  6.560369 454.982666 -1048.636353
v  6.560369 455.620514 -1049.396606
v  5.867124 450.632111 -1052.286987
v  7.212836 460.922821 -1043.651978
v  0.005121 456.739594 -1047.162109
v  7.090498 459.395935 -1044.933228
v  3.461154 455.212738 -1048.443359
v  6.560369 454.982666 -1048.636353
v  3.461154 452.138062 -1051.023315
v  5.867124 450.632111 -1052.286987
v  0.005121 450.611206 -1052.304443
v  0.005121 447.599274 -1054.831787
v  -5.867077 450.632111 -1052.286987
v  0.005121 460.922821 -1043.651978
v  8.222119 469.602997 -1036.368530
v  0.005121 469.602997 -1036.368530
v  3.726218 470.481476 -1035.631348
v  0.005121 470.272308 -1035.806885
v  -7.212789 460.922821 -1043.651978
v  -7.090452 459.395935 -1044.933228
v  -3.461107 455.212738 -1048.443359
v  -6.560322 454.982666 -1048.636353
v  -3.461107 452.138062 -1051.023315
v  -8.222073 469.602997 -1036.368530
v  -3.726172 470.481476 -1035.631348
v  -8.283241 471.318115 -1034.929321
v  -5.795713 471.422699 -1034.841553
v  -7.243373 473.388794 -1033.191895
v  -8.405579 473.284210 -1033.279541
v  -8.181293 476.358887 -1030.699585
v  -7.070062 475.752319 -1031.208618
v  -7.131231 478.429565 -1028.962158
v  -6.203505 477.509277 -1029.734375
v  -3.858704 480.102875 -1027.558105
v  -3.481497 479.036133 -1028.453125
v  0.005121 480.207458 -1027.470337
v  0.005121 479.098907 -1028.400513
v  3.481543 479.036133 -1028.453125
v  3.858750 480.102875 -1027.558105
v  6.203552 477.509277 -1029.734375
v  7.131277 478.429565 -1028.962158
v  7.070109 475.752319 -1031.208618
v  8.181340 476.358887 -1030.699585
v  7.243420 473.388794 -1033.191895
v  8.405625 473.284210 -1033.279541
v  8.283289 471.318115 -1034.929321
v  5.795760 471.422699 -1034.841553
v  3.461154 452.138062 -1051.023315
v  3.461154 455.212738 -1048.443359
v  3.461154 452.666565 -1051.653198
v  3.461154 455.741241 -1049.073242
v  3.461154 452.775909 -1051.783447
v  3.461154 455.850586 -1049.203491
v  0.005121 458.046783 -1047.360718
v  0.005121 456.739594 -1047.162109
v  0.005121 457.268127 -1047.791992
v  0.005121 457.377472 -1047.922363
v  -3.461107 455.850586 -1049.203491
v  -3.461107 452.775909 -1051.783447
v  -4.164547 452.441254 -1052.064331
v  0.005121 451.249054 -1053.064697
v  0.005121 450.579742 -1053.626221
v  4.164594 452.441254 -1052.064331
v  0.005121 449.743103 -1054.328247
v  -3.461107 455.741241 -1049.073242
v  -3.461107 452.666565 -1051.653198
v  0.005121 451.139709 -1052.934326
v  -3.461107 455.212738 -1048.443359
v  -3.461107 452.138062 -1051.023315
v  0.005121 450.611206 -1052.304443
v  -9.261546 470.702637 639.158020
v  0.175278 470.111359 639.158020
v  -9.261546 454.885773 583.214905
v  0.175278 453.407593 583.214905
v  0.175278 422.660797 524.607849
v  -9.261546 425.617218 524.607849
v  0.175278 423.695526 406.505676
v  -9.261546 423.843353 406.505676
v  0.175278 489.919312 166.749451
v  -9.261546 488.884552 166.749451
v  0.175278 540.326233 -70.342812
v  -9.261546 538.552368 -70.342812
v  0.175278 558.064697 -207.980637
v  -9.261546 555.995239 -207.980637
v  -9.261546 573.438110 -345.618469
v  0.175278 417.634857 406.505707
v  0.175278 483.858643 166.749451
v  0.175278 534.413391 -70.342812
v  0.175278 552.004089 -207.980637
v  0.175278 575.803223 -345.618469
v  0.175278 569.742554 -345.618469
v  0.175278 567.377380 -482.368317
v  0.175278 561.464539 -482.368317
v  0.175278 541.360840 -618.230164
v  0.175278 535.300232 -618.230164
v  0.175278 496.718933 -745.212219
v  0.175278 490.658264 -745.212219
v  0.175278 507.509827 -811.811096
v  0.175278 501.597015 -811.811096
v  0.175278 529.239502 -873.082214
v  0.175278 523.326660 -873.082214
v  0.175278 530.126465 -912.153564
v  0.175278 524.065796 -912.153564
v  0.175278 531.013367 -951.224915
v  0.175278 524.952698 -951.224915
v  0.175278 481.493286 -1021.375793
v  0.175278 475.432648 -1021.375793
v  0.175278 458.137573 -1040.911499
v  0.175278 454.294250 -1039.135620
v  -9.261546 540.917419 -618.230164
v  -9.261546 495.388519 -745.212219
v  -9.261546 505.735962 -811.811096
v  -9.261546 527.465698 -873.082214
v  -9.261546 528.500427 -912.153564
v  -9.261546 529.682922 -951.224915
v  -9.261546 480.162903 -1021.375793
v  -9.261546 566.638306 -482.368317
v  0.175278 434.781860 -1060.447266
v  0.175278 374.766541 -1078.206909
v  -9.261546 433.894928 -1060.447266
v  -8.912034 375.062164 -1078.206909
v  -28.135193 430.938507 -1056.007202
v  -35.824459 375.653473 -1079.094849
v  -56.096153 427.095184 -1050.679321
v  -71.474678 376.540405 -1079.982910
v  -137.881958 378.462067 -1082.646851
v  -173.182678 352.593384 -1087.086792
v  -289.220642 352.741211 -1077.318848
v  0.175278 352.002106 -1085.310791
v  -11.009107 352.002106 -1086.198853
v  -44.562256 352.149933 -1086.198853
v  -89.299797 352.297729 -1086.198853
v  11.010151 352.002106 -1086.198853
v  8.913078 375.062164 -1078.206909
v  44.563301 352.149933 -1086.198853
v  35.825500 375.653473 -1079.094849
v  89.300835 352.297729 -1086.198853
v  71.475731 376.540405 -1079.982910
v  173.183716 352.593384 -1087.086792
v  137.883011 378.462067 -1082.646851
v  289.221710 352.741211 -1077.318848
v  269.299530 383.635803 -1066.663086
v  357.726074 351.854279 -1062.223145
v  351.784332 374.470886 -1059.559204
v  346.891174 351.410828 -996.512207
v  337.454346 378.018616 -990.296265
v  335.706787 350.967377 -929.913208
v  323.124390 381.714142 -921.033386
v  332.910706 346.680573 -868.642212
v  323.124390 375.210022 -861.538330
v  329.066071 340.619934 -779.843628
v  322.774841 365.749512 -776.291687
v  319.978760 344.758942 -627.997986
v  314.386566 375.062256 -627.109985
v  329.415588 337.959198 -480.592285
v  323.473877 362.940948 -481.480316
v  338.502899 331.307281 -333.186615
v  332.910706 350.819641 -334.962616
v  339.201904 333.968079 -203.540680
v  333.609741 358.062897 -204.428680
v  339.900940 336.628876 -74.782715
v  334.308746 365.306152 -73.894730
v  338.153381 344.759064 158.757599
v  331.862183 384.522919 156.981628
v  320.328278 346.385162 466.000763
v  315.784607 385.409912 459.784851
v  316.833160 371.514740 607.190491
v  311.590485 434.190857 605.414551
v  305.998260 383.931732 658.693726
v  305.299255 455.181427 661.357666
v  287.124634 390.583679 706.644958
v  258.115143 509.579590 712.860840
v  170.737137 369.593109 717.300781
v  166.542984 517.709717 723.516663
v  87.902794 362.941162 724.404663
v  85.805717 466.859314 719.964722
v  42.815742 462.424683 719.076782
v  40.718670 512.240356 676.453430
v  10.311126 509.875214 676.453430
v  9.612102 489.771576 657.805725
v  0.175278 487.554260 658.693726
v  0.175278 470.111359 639.158020
v  -9.261546 470.702637 639.158020
v  56.097198 427.095184 -1050.679321
v  106.776443 419.408478 -1040.911499
v  220.717346 416.008606 -1022.263794
v  278.037323 423.547485 -991.184265
v  271.746094 405.069855 -945.008972
v  265.105377 386.592255 -898.833740
v  276.289764 377.870819 -843.778625
v  292.367310 384.818420 -763.859863
v  290.270233 389.253082 -628.885986
v  298.309021 380.383820 -485.032227
v  306.347778 371.514587 -342.066498
v  306.347778 380.088226 -209.756592
v  305.998260 388.661865 -78.334663
v  301.454620 411.869812 146.325790
v  295.512939 405.661377 431.369293
v  293.765381 463.015930 573.447083
v  286.076080 520.813965 621.398254
v  221.765884 554.664978 671.125488
v  158.154709 545.795715 672.901428
v  81.611572 532.491821 675.565430
v  40.718670 492.432343 656.917725
v  9.262590 470.702637 639.158020
v  55.048664 448.824860 -1030.255615
v  104.679375 439.512146 -1019.599854
v  188.911758 427.095184 -1008.943970
v  216.872726 426.799561 -968.984619
v  216.523209 412.017456 -929.025269
v  216.173691 397.235352 -889.065857
v  232.251251 388.661743 -835.786743
v  261.610260 385.853149 -758.531982
v  265.804413 395.609375 -631.549927
v  268.600494 392.505157 -488.584198
v  271.396576 389.400940 -344.730469
v  274.891693 397.235474 -212.420547
v  278.037323 405.070007 -80.110641
v  273.493652 424.138947 144.549820
v  271.047089 412.756775 421.601440
v  268.250977 472.476471 560.127258
v  262.309265 527.613708 606.302490
v  216.523209 550.230347 647.149841
v  157.455673 536.039551 650.701843
v  81.262062 503.814575 655.141785
v  40.369160 472.624329 637.382080
v  41.767204 459.320435 584.990845
v  9.262590 454.885773 583.214905
v  9.262590 425.617218 524.607849
v  80.912552 475.137268 634.718079
v  156.756653 526.283325 628.502136
v  210.931000 545.795715 623.174255
v  238.542450 534.265686 592.094727
v  242.387100 481.937042 547.695496
v  246.231735 419.852173 410.945618
v  245.532700 436.408112 141.885849
v  250.425873 421.478119 -80.998627
v  243.435638 414.382690 -215.084518
v  236.445389 407.287262 -348.282410
v  238.891968 404.626465 -491.248138
v  241.338547 401.817871 -634.213867
v  230.503693 386.887909 -753.204041
v  188.212738 399.452698 -827.794861
v  166.892502 407.878479 -880.185974
v  161.300308 418.965057 -913.041504
v  155.708115 430.199432 -945.897034
v  157.455673 438.329590 -994.736206
v  102.931808 459.467987 -998.288147
v  54.000122 470.554565 -1010.719971
v  27.087702 476.023926 -1016.047852
v  27.437216 453.555145 -1036.471558
v  9.262590 480.162903 -1021.375793
v  9.262590 456.955017 -1040.911499
v  110.271561 482.528076 -947.672974
v  111.669601 478.684723 -917.481445
v  113.417160 474.693573 -886.401978
v  129.844223 477.945618 -831.346802
v  153.611038 477.354370 -748.764160
v  151.863480 499.231903 -626.222046
v  153.261536 521.848511 -485.920258
v  154.310074 526.578796 -346.506439
v  152.912018 513.422791 -210.644608
v  151.513977 500.414551 -75.670723
v  143.475204 473.954620 151.653702
v  156.756653 425.469391 411.833618
v  159.902267 469.520050 539.703613
v  161.999329 507.657867 589.430786
v  58.543781 517.265991 -913.929504
v  59.242805 514.309570 -879.298035
v  67.631088 492.727722 -821.578979
v  79.514496 486.962738 -746.988098
v  78.465965 537.960999 -621.782104
v  79.164993 558.064636 -484.144287
v  79.864014 551.117126 -346.506439
v  79.164993 538.404541 -209.756622
v  78.465965 525.544128 -73.006767
v  74.271828 481.936951 159.645569
v  80.912552 424.582458 409.169647
v  82.660110 446.016510 531.711731
v  83.359138 465.381073 585.878845
v  39.670132 548.308533 -208.868637
v  39.320621 532.935181 -71.230797
v  37.223549 485.928131 163.197510
v  40.369160 424.138977 408.281647
v  41.417694 434.338654 528.159729
v  9.262590 555.699585 -207.980637
v  9.262590 538.552368 -70.342812
v  9.262590 488.884552 166.749451
v  9.262590 423.843353 406.505676
v  40.019646 563.534058 -346.506439
v  39.670132 562.794922 -483.256317
v  39.320621 539.587036 -620.006165
v  9.262590 566.194824 -482.368317
v  9.262590 572.698975 -345.618469
v  39.670132 491.840820 -746.100159
v  33.728428 500.118774 -816.251038
v  29.534285 521.848450 -875.746094
v  9.262590 505.735962 -811.811096
v  9.262590 495.388519 -745.212219
v  9.262590 540.917419 -618.230164
v  29.184776 523.770142 -913.041504
v  28.835262 525.544006 -950.336975
v  57.844761 520.222412 -949.448975
v  28.136238 430.938507 -1056.007202
v  9.262590 433.894928 -1060.447266
v  0.175278 434.781860 -1060.447266
v  43.864281 359.541260 727.068665
v  10.660639 459.024811 718.188721
v  11.010151 357.028320 729.732605
v  0.175278 457.990051 718.188721
v  0.175278 356.289215 730.620544
v  -11.009107 357.028320 729.732605
v  0.175278 508.249176 677.341370
v  -10.659594 459.616089 717.300781
v  -43.863235 359.541260 727.068665
v  -9.611057 489.328094 657.805725
v  -10.310081 509.136108 676.453430
v  -40.717625 490.658478 656.917725
v  -40.717625 508.840485 676.453430
v  -81.261017 500.414673 655.141785
v  -81.610527 525.544250 675.565430
v  -151.163422 541.656738 648.925842
v  -148.017807 551.708557 673.789490
v  -219.318253 552.299866 646.261902
v  -227.357040 559.395264 665.797607
v  -261.259705 523.770386 608.966492
v  -286.075043 520.813965 621.398254
v  -268.249939 472.476471 560.127258
v  -293.764313 463.015930 573.447083
v  -271.046021 412.756775 421.601440
v  -295.511871 405.661377 431.369293
v  -273.492615 424.138947 144.549820
v  -301.453583 411.869812 146.325790
v  -278.036285 405.070007 -80.110641
v  -305.997253 388.661865 -78.334663
v  -274.890686 397.235474 -212.420547
v  -306.346741 380.088226 -209.756592
v  -271.395538 389.400940 -344.730469
v  -306.346741 371.514587 -342.066498
v  -268.599457 392.505157 -488.584198
v  -298.307983 380.383820 -485.032227
v  -265.803345 395.609375 -631.549927
v  -290.269196 389.253082 -628.885986
v  -261.609192 385.853149 -758.531982
v  -292.366272 384.818420 -763.859863
v  -232.250198 388.661743 -835.786743
v  -276.288696 377.870819 -843.778625
v  -216.172653 397.235352 -889.065857
v  -265.104340 386.592255 -898.833740
v  -216.522156 412.017456 -929.025269
v  -271.745056 405.069855 -945.008972
v  -216.871674 426.799561 -968.984619
v  -278.036285 423.547485 -991.184265
v  -188.910706 427.095184 -1008.943970
v  -220.716293 416.008606 -1022.263794
v  -104.678322 439.512146 -1019.599854
v  -106.775391 419.408478 -1040.911499
v  -55.047619 448.824860 -1030.255615
v  -27.436171 453.555145 -1036.471558
v  -9.261546 456.955017 -1040.911499
v  -40.368114 472.624329 637.382080
v  -80.911507 475.137268 634.718079
v  -154.309021 531.752686 624.950256
v  -211.279480 545.352234 626.726196
v  -236.793869 526.726807 596.534668
v  -242.386047 481.937042 547.695496
v  -246.230682 419.852173 410.945618
v  -245.531662 436.408112 141.885849
v  -250.424820 421.478119 -80.998627
v  -243.434586 414.382690 -215.084518
v  -236.444336 407.287262 -348.282410
v  -238.890915 404.626465 -491.248138
v  -241.337524 401.817871 -634.213867
v  -230.502640 386.887909 -753.204041
v  -188.211685 399.452698 -827.794861
v  -166.891449 407.878479 -880.185974
v  -161.299255 418.965057 -913.041504
v  -155.707077 430.199432 -945.897034
v  -157.454636 438.329590 -994.736206
v  -102.930756 459.467987 -998.288147
v  -53.999081 470.554565 -1010.719971
v  -27.086658 476.023926 -1016.047852
v  -9.261546 480.162903 -1021.375793
v  -161.998291 507.657867 589.430786
v  -159.901230 469.520050 539.703613
v  -156.755615 425.469391 411.833618
v  -143.474167 473.954620 151.653702
v  -151.512924 500.414551 -75.670723
v  -153.260498 514.457520 -210.644608
v  -155.357559 528.500488 -346.506439
v  -153.610001 522.735474 -485.920258
v  -151.862442 499.231903 -626.222046
v  -153.610001 477.354370 -748.764160
v  -129.843185 477.945618 -831.346802
v  -113.416122 474.693573 -886.401978
v  -111.668564 478.684723 -917.481445
v  -110.270508 482.528076 -947.672974
v  -83.358086 465.381073 585.878845
v  -82.659065 446.016510 531.711731
v  -80.911507 424.582458 409.169647
v  -74.270775 481.936951 159.645569
v  -78.464920 525.544128 -73.006767
v  -79.163948 541.508728 -209.756622
v  -80.212486 557.473389 -346.506439
v  -79.163948 561.168945 -484.144287
v  -78.464920 537.960999 -621.782104
v  -79.513458 486.962738 -746.988098
v  -67.630051 492.727722 -821.578979
v  -59.241764 514.309570 -879.298035
v  -58.542740 517.265991 -913.929504
v  -57.843712 520.222412 -949.448975
v  -39.669090 549.786743 -208.868637
v  -39.319580 532.935181 -71.230797
v  -37.222504 485.928131 163.197510
v  -40.368114 424.138977 408.281647
v  -41.416649 434.338654 528.159729
v  -41.766163 459.320435 584.990845
v  -9.261546 454.885773 583.214905
v  -9.261546 425.617218 524.607849
v  -9.261546 423.843353 406.505676
v  -9.261546 488.884552 166.749451
v  -9.261546 538.552368 -70.342812
v  -9.261546 555.995239 -207.980637
v  -40.018600 566.638306 -346.506439
v  -39.669090 564.273132 -483.256317
v  -9.261546 573.438110 -345.618469
v  -9.261546 566.638306 -482.368317
v  -39.319580 539.587036 -620.006165
v  -39.669090 491.840820 -746.100159
v  -33.727383 500.118774 -816.251038
v  -29.533241 521.848450 -875.746094
v  -29.183729 523.770142 -913.041504
v  -28.834219 525.544006 -950.336975
v  -9.261546 540.917419 -618.230164
v  -9.261546 495.388519 -745.212219
v  -9.261546 505.735962 -811.811096
v  -9.261546 527.465698 -873.082214
v  -9.261546 528.500427 -912.153564
v  -9.261546 529.682922 -951.224915
v  -42.814697 464.789825 715.524780
v  -87.901749 362.941162 724.404663
v  -85.455162 471.589569 713.748840
v  -165.842926 518.448853 719.964722
v  -170.736084 369.593109 717.300781
v  -258.114075 509.579590 712.860840
v  -287.123596 390.583679 706.644958
v  -305.298218 455.181427 661.357666
v  -305.997253 383.931732 658.693726
v  -311.589417 434.190857 605.414551
v  -316.832092 371.514740 607.190491
v  -315.783569 385.409912 459.784851
v  -320.327209 346.385162 466.000763
v  -331.861115 384.522919 156.981628
v  -338.152344 344.759064 158.757599
v  -334.307709 365.306152 -73.894730
v  -339.899902 336.628876 -74.782715
v  -333.608673 358.062897 -204.428680
v  -339.200867 333.968079 -203.540680
v  -332.909668 350.819641 -334.962616
v  -338.501831 331.307281 -333.186615
v  -323.472839 362.940948 -481.480316
v  -329.414551 337.959198 -480.592285
v  -314.385529 375.062256 -627.109985
v  -319.977722 344.758942 -627.997986
v  -322.773804 365.749512 -776.291687
v  -329.065033 340.619934 -779.843628
v  -323.123322 375.210022 -861.538330
v  -332.909668 346.680573 -868.642212
v  -323.123322 381.714142 -921.033386
v  -335.705750 350.967377 -929.913208
v  -337.453308 378.018616 -990.296265
v  -346.890137 351.410828 -996.512207
v  -351.783295 374.470886 -1059.559204
v  -357.725006 351.854279 -1062.223145
v  -269.298462 383.635803 -1066.663086
v  0.175278 433.155823 -1056.895264
v  0.175278 434.781860 -1060.447266
v  0.175278 454.294250 -1039.135620
v  0.175278 458.137573 -1040.911499
v  -9.261546 433.894928 -1060.447266
v  -9.261546 456.955017 -1040.911499
v  9.262590 529.682922 -951.224915
v  9.262590 528.500427 -912.153564
v  9.262590 527.465698 -873.082214
v  0.175278 417.634857 406.505707
v  0.175278 423.695526 406.505676
v  0.175278 483.858643 166.749451
v  0.175278 489.919312 166.749451
v  0.175278 534.413391 -70.342812
v  0.175278 540.326233 -70.342812
v  0.175278 552.004089 -207.980637
v  0.175278 558.064697 -207.980637
v  0.175278 569.742554 -345.618469
v  0.175278 575.803223 -345.618469
v  0.175278 561.464539 -482.368317
v  0.175278 567.377380 -482.368317
v  0.175278 535.300232 -618.230164
v  0.175278 541.360840 -618.230164
v  0.175278 490.658264 -745.212219
v  0.175278 496.718933 -745.212219
v  0.175278 501.597015 -811.811096
v  0.175278 507.509827 -811.811096
v  0.175278 523.326660 -873.082214
v  0.175278 529.239502 -873.082214
v  0.175278 524.065796 -912.153564
v  0.175278 530.126465 -912.153564
v  0.175278 524.952698 -951.224915
v  0.175278 531.013367 -951.224915
v  0.175278 475.432648 -1021.375793
v  0.175278 481.493286 -1021.375793
v  0.175278 454.294250 -1039.135620
v  0.175278 458.137573 -1040.911499
v  9.262590 527.465698 -873.082214
v  9.262590 528.500427 -912.153564
v  9.262590 529.682922 -951.224915
v  9.262590 480.162903 -1021.375793
v  9.262590 456.955017 -1040.911499
v  9.262590 505.735962 -811.811096
v  9.262590 495.388519 -745.212219
v  9.262590 540.917419 -618.230164
v  9.262590 566.194824 -482.368317
v  9.262590 572.698975 -345.618469
v  9.262590 555.699585 -207.980637
v  9.262590 538.552368 -70.342812
v  9.262590 488.884552 166.749451
v  9.262590 423.843353 406.505676
v  9.262590 425.617218 524.607849
v  0.175278 422.660797 524.607849
v  9.262590 454.885773 583.214905
v  0.175278 453.407593 583.214905
v  9.262590 470.702637 639.158020
v  -9.261546 456.955017 -1040.911499
v  0.175278 454.294250 -1039.135620
v  0.175278 458.137573 -1040.911499
v  0.175278 433.155823 -1056.895264
v  0.175278 434.781860 -1060.447266
v  9.262590 433.894928 -1060.447266
v  9.262590 456.955017 -1040.911499
v  338.153381 344.759064 158.757599
v  335.706787 321.403320 -79.222641
v  339.900940 336.628876 -74.782715
v  335.357269 320.072906 -207.980606
v  339.201904 333.968079 -203.540680
v  335.007782 318.890320 -336.738586
v  338.502899 331.307281 -333.186615
v  318.580719 324.950958 -481.480316
v  329.415588 337.959198 -480.592285
v  302.503143 331.011597 -627.109985
v  319.978760 344.758942 -627.997986
v  322.425323 327.611694 -771.851746
v  329.066071 340.619934 -779.843628
v  326.619507 331.159393 -855.322388
v  332.910706 346.680573 -868.642212
v  331.512665 333.967957 -921.921326
v  335.706787 350.967377 -929.913208
v  338.153381 333.376678 -978.752441
v  346.891174 351.410828 -996.512207
v  344.794128 332.785370 -1034.695679
v  357.726074 351.854279 -1062.223145
v  286.775116 340.619873 -1051.567261
v  289.221710 352.741211 -1077.318848
v  179.824448 331.750641 -1069.327026
v  173.183716 352.593384 -1087.086792
v  92.446449 331.159332 -1070.215088
v  89.300835 352.297729 -1086.198853
v  44.563301 352.149933 -1086.198853
v  325.920441 300.708344 -214.196503
v  325.570953 299.377960 -341.178497
v  315.784607 306.177673 -483.256287
v  306.347778 313.125244 -625.334045
v  310.192444 306.768921 -766.523804
v  309.493378 308.838409 -843.778625
v  311.240936 309.725311 -897.057739
v  314.386566 313.420837 -945.008911
v  317.881683 317.116364 -992.072266
v  278.736328 324.507416 -1024.039795
v  180.523468 310.760040 -1046.239380
v  92.795959 307.951447 -1048.015381
v  46.310863 330.715881 -1071.103027
v  11.010151 352.002106 -1086.198853
v  282.580994 273.213623 -349.170380
v  274.542206 273.213593 -486.808197
v  266.503418 273.213593 -624.446045
v  274.891693 273.213562 -749.652100
v  271.746094 274.543945 -823.354919
v  269.299530 279.865479 -878.410034
v  275.940247 292.134613 -916.593445
v  282.580994 304.551575 -955.664795
v  265.454865 308.986206 -991.184204
v  179.125412 293.317169 -1005.392090
v  92.096931 289.769470 -1006.280029
v  45.961349 287.995605 -1006.280029
v  46.310863 306.621063 -1048.903320
v  11.709174 305.586304 -1048.903320
v  11.709174 330.420227 -1071.990967
v  0.175278 330.420227 -1071.990967
v  0.175278 352.002106 -1085.310791
v  -11.009107 352.002106 -1086.198853
v  189.610779 273.213531 -950.336914
v  186.465164 273.213531 -912.153503
v  183.319565 273.213531 -873.082153
v  184.018585 273.213562 -821.578979
v  184.717606 273.213562 -747.876038
v  181.222488 273.213593 -623.558044
v  187.164200 273.213593 -485.920227
v  192.756393 273.213623 -348.282379
v  191.008835 273.213654 -218.636429
v  281.182922 273.213654 -222.188370
v  189.610779 273.213684 -89.878464
v  279.784882 273.213654 -96.094368
v  187.513718 273.213715 128.566101
v  276.639252 273.213715 118.798248
v  179.824448 273.213745 396.737885
v  269.299530 273.213745 398.513824
v  174.581772 273.213776 515.728027
v  268.950012 273.213776 519.279907
v  172.484695 273.213776 582.326965
v  256.018066 273.213776 584.990906
v  168.989578 273.509430 640.046021
v  236.095871 283.265625 637.382080
v  164.096405 315.786255 685.333313
v  280.833435 315.047150 669.349609
v  171.436157 355.845734 711.972900
v  292.367310 367.671417 696.877075
v  170.737137 369.593109 717.300781
v  287.124634 390.583679 706.644958
v  87.902794 362.941162 724.404663
v  88.252304 344.611359 714.636841
v  84.407669 315.934052 687.109314
v  87.203766 273.361603 640.934021
v  88.951324 273.213776 582.326965
v  89.999863 273.213776 514.839966
v  92.446449 273.213745 395.849884
v  96.291077 273.213715 133.006027
v  97.339615 273.213684 -89.878464
v  98.388153 273.213654 -218.636429
v  99.087173 273.213623 -347.394409
v  96.291077 273.213593 -484.144257
v  93.145470 273.213593 -620.894104
v  94.893028 273.213562 -746.988098
v  94.543518 273.213562 -820.690918
v  94.194008 273.213531 -873.082153
v  95.941566 273.213531 -912.153503
v  97.339615 273.213531 -951.224915
v  43.864281 359.541260 727.068665
v  44.213787 340.620178 716.412842
v  42.116718 317.560089 685.333313
v  42.815742 282.378693 634.718079
v  44.563301 273.213776 582.326965
v  44.912815 273.213776 513.952026
v  46.310863 273.213745 394.961884
v  48.058422 273.213715 134.781998
v  48.757446 273.213684 -89.878464
v  49.106956 273.213654 -217.748444
v  49.456470 273.213623 -346.506378
v  48.058422 273.213593 -483.256287
v  46.660374 273.213593 -620.006104
v  47.359398 273.213562 -746.100098
v  47.359398 273.213562 -820.690918
v  47.009888 273.213531 -873.082153
v  48.058422 273.213531 -912.153503
v  12.058686 273.213531 -912.153503
v  12.058686 273.213531 -951.224915
v  0.175278 273.213531 -951.224915
v  11.359662 286.665222 -1007.167969
v  0.175278 286.221771 -1007.167969
v  0.175278 305.142853 -1048.903320
v  11.010151 273.213776 582.326965
v  11.359662 273.213776 513.952026
v  11.709174 273.213745 394.961884
v  12.058686 273.213715 136.557968
v  12.058686 273.213684 -89.878464
v  12.408198 273.213654 -217.748444
v  12.408198 273.213623 -346.506378
v  0.175278 273.213654 -217.748444
v  0.175278 273.213623 -345.618439
v  -12.407154 273.213623 -346.506378
v  0.175278 273.213593 -482.368256
v  -12.057642 273.213593 -482.368256
v  -11.708130 273.213593 -618.230164
v  -46.659332 273.213593 -620.006104
v  -11.708130 273.213562 -745.212158
v  -47.358353 273.213562 -746.100098
v  -11.708130 273.213562 -820.690918
v  -47.358353 273.213562 -820.690918
v  -47.008842 273.213531 -873.082153
v  -94.192963 273.213531 -873.082153
v  -48.057377 273.213531 -912.153503
v  -95.940521 273.213531 -912.153503
v  -48.756401 273.213531 -951.224915
v  -97.338570 273.213531 -951.224915
v  -45.960304 287.995605 -1006.280029
v  -92.095894 289.769470 -1006.280029
v  -92.794914 307.951447 -1048.015381
v  -180.522430 310.760040 -1046.239380
v  -179.823395 331.750641 -1069.327026
v  -286.774078 340.619873 -1051.567261
v  -289.220642 352.741211 -1077.318848
v  -357.725006 351.854279 -1062.223145
v  -46.309818 306.621063 -1048.903320
v  -11.358618 286.665222 -1007.167969
v  -12.057642 273.213531 -951.224915
v  -12.057642 273.213531 -912.153503
v  -11.708130 273.213531 -872.194092
v  0.175278 273.213562 -820.690918
v  0.175278 273.213562 -745.212158
v  0.175278 273.213593 -618.230164
v  11.709174 273.213593 -618.230164
v  12.058686 273.213593 -482.368256
v  -11.708130 305.586304 -1048.903320
v  0.175278 286.221771 -1007.167969
v  0.175278 273.213531 -951.224915
v  0.175278 273.213531 -911.265564
v  0.175278 273.213531 -872.194092
v  11.709174 273.213531 -872.194092
v  11.709174 273.213562 -820.690918
v  11.709174 273.213562 -745.212158
v  9.961614 289.178467 630.278137
v  -1.222770 291.543579 629.390198
v  0.175278 319.038300 683.557312
v  -12.057642 289.178467 630.278137
v  -10.659594 318.742676 684.445313
v  -44.212746 282.378693 634.718079
v  -42.115673 317.560089 685.333313
v  -87.202721 273.361603 640.934021
v  -84.406624 315.934052 687.109314
v  -168.988541 273.509430 640.046021
v  -164.095367 315.786255 685.333313
v  -236.094849 283.265625 637.382080
v  -280.832367 315.047150 669.349609
v  -256.017029 273.213776 584.990906
v  -297.958466 308.542999 619.622314
v  -268.948975 273.213776 519.279907
v  -309.841858 303.960541 555.687317
v  -269.298462 273.213745 398.513824
v  -310.540894 304.256165 426.041382
v  -276.638245 273.213715 118.798248
v  -323.822327 305.586517 133.006012
v  -279.783844 273.213654 -96.094368
v  -326.268921 301.890930 -87.214508
v  -281.181885 273.213654 -222.188370
v  -325.919434 300.708344 -214.196503
v  -282.579926 273.213623 -349.170380
v  -325.569916 299.377960 -341.178497
v  -274.541138 273.213593 -486.808197
v  -315.783569 306.177673 -483.256287
v  -266.502380 273.213593 -624.446045
v  -306.346741 313.125244 -625.334045
v  -274.890686 273.213562 -749.652100
v  -310.191376 306.768921 -766.523804
v  -271.745056 274.543945 -823.354919
v  -309.492371 308.838409 -843.778625
v  -269.298462 279.865479 -878.410034
v  -311.239929 309.725311 -897.057739
v  -275.939209 292.134613 -916.593445
v  -314.385529 313.420837 -945.008911
v  -282.579926 304.551575 -955.664795
v  -317.880646 317.116364 -992.072266
v  -265.453857 308.986206 -991.184204
v  -278.735291 324.507416 -1024.039795
v  -179.124374 293.317169 -1005.392090
v  -88.251251 344.611359 714.636841
v  -171.435120 355.845734 711.972900
v  -292.366272 367.671417 696.877075
v  -304.599182 351.263275 646.261902
v  -314.735046 334.855133 588.542847
v  -317.531128 324.064178 450.017029
v  -333.608673 325.098877 148.101776
v  -335.705750 321.403320 -79.222641
v  -335.356232 320.072906 -207.980606
v  -335.006714 318.890320 -336.738586
v  -318.579651 324.950958 -481.480316
v  -302.502106 331.011597 -627.109985
v  -322.424316 327.611694 -771.851746
v  -326.618439 331.159393 -855.322388
v  -331.511597 333.967957 -921.921326
v  -338.152344 333.376678 -978.752441
v  -344.793060 332.785370 -1034.695679
v  -87.901749 362.941162 724.404663
v  -170.736084 369.593109 717.300781
v  -287.123596 390.583679 706.644958
v  -305.997253 383.931732 658.693726
v  -316.832092 371.514740 607.190491
v  -320.327209 346.385162 466.000763
v  -338.152344 344.759064 158.757599
v  -339.899902 336.628876 -74.782715
v  -339.200867 333.968079 -203.540680
v  -338.501831 331.307281 -333.186615
v  -329.414551 337.959198 -480.592285
v  -319.977722 344.758942 -627.997986
v  -329.065033 340.619934 -779.843628
v  -332.909668 346.680573 -868.642212
v  -335.705750 350.967377 -929.913208
v  -346.890137 351.410828 -996.512207
v  -43.863235 359.541260 727.068665
v  -44.212746 340.620178 716.412842
v  -11.009107 357.028320 729.732605
v  -11.009107 337.663757 717.300781
v  0.175278 356.289215 730.620544
v  0.175278 336.628998 718.188782
v  11.010151 337.663757 717.300781
v  10.660639 318.742676 684.445313
v  -189.609741 273.213531 -950.336914
v  -186.464127 273.213531 -912.153503
v  -183.318512 273.213531 -873.082153
v  -94.542473 273.213562 -820.690918
v  -94.891991 273.213562 -746.988098
v  -93.144424 273.213593 -620.894104
v  -48.057377 273.213593 -483.256287
v  -49.455425 273.213623 -346.506378
v  -12.407154 273.213654 -217.748444
v  -12.057642 273.213684 -89.878464
v  0.175278 273.213684 -88.990471
v  -12.057642 273.213715 136.557968
v  0.175278 273.213715 137.445953
v  -11.708130 273.213745 394.961884
v  0.175278 273.213745 394.961884
v  -11.358618 273.213776 513.952026
v  0.175278 273.213776 513.952026
v  0.175278 273.213776 582.326965
v  -184.017548 273.213562 -821.578979
v  -184.716568 273.213562 -747.876038
v  -181.221451 273.213593 -623.558044
v  -187.163147 273.213593 -485.920227
v  -192.755356 273.213623 -348.282379
v  -191.007797 273.213654 -218.636429
v  -189.609741 273.213684 -89.878464
v  -187.512665 273.213715 128.566101
v  -179.823395 273.213745 396.737885
v  -174.580734 273.213776 515.728027
v  -172.483643 273.213776 582.326965
v  -96.290031 273.213593 -484.144257
v  -99.086128 273.213623 -347.394409
v  -98.387108 273.213654 -218.636429
v  -97.338570 273.213684 -89.878464
v  -96.290031 273.213715 133.006027
v  -92.445404 273.213745 395.849884
v  -89.998817 273.213776 514.839966
v  -88.950279 273.213776 582.326965
v  -49.105915 273.213654 -217.748444
v  -48.756401 273.213684 -89.878464
v  -48.057377 273.213715 134.781998
v  -46.309818 273.213745 394.961884
v  -44.911770 273.213776 513.952026
v  -11.009107 273.213776 582.326965
v  -44.562256 273.213776 582.326965
v  0.175278 273.213776 582.326965
v  11.010151 357.028320 729.732605
v  48.757446 273.213531 -951.224915
v  297.959503 308.542999 619.622314
v  304.600220 351.263275 646.261902
v  305.998260 383.931732 658.693726
v  309.842896 303.960541 555.687317
v  314.736084 334.855133 588.542847
v  316.833160 371.514740 607.190491
v  310.541931 304.256165 426.041382
v  317.532166 324.064178 450.017029
v  320.328278 346.385162 466.000763
v  323.823395 305.586517 133.006012
v  333.609741 325.098877 148.101776
v  326.269989 301.890930 -87.214508
v  -173.182678 352.593384 -1087.086792
v  -92.445404 331.159332 -1070.215088
v  -46.309818 330.715881 -1071.103027
v  -11.708130 330.420227 -1071.990967
v  0.175278 305.142853 -1048.903320
v  -89.299797 352.297729 -1086.198853
v  -44.562256 352.149933 -1086.198853
v  0.005121 451.205078 -1051.865356
v  0.175278 470.111359 639.158020

vt  0.436868 -0.118045 0.000000
vt  0.440746 -0.115526 0.000000
vt  0.438964 -0.121643 0.000000
vt  0.443471 -0.119244 0.000000
vt  0.444100 -0.120683 0.000000
vt  0.446092 -0.119844 0.000000
vt  0.446511 -0.122243 0.000000
vt  0.450179 -0.122123 0.000000
vt  0.448607 -0.133757 0.000000
vt  0.451961 -0.133877 0.000000
vt  0.450179 -0.148271 0.000000
vt  0.453010 -0.148391 0.000000
vt  0.449760 -0.151749 0.000000
vt  0.452800 -0.152469 0.000000
vt  0.448398 -0.155228 0.000000
vt  0.451647 -0.157267 0.000000
vt  0.446092 -0.158826 0.000000
vt  0.450284 -0.160985 0.000000
vt  0.442423 -0.114206 0.000000
vt  0.445148 -0.117805 0.000000
vt  0.449760 -0.118524 0.000000
vt  0.453114 -0.122003 0.000000
vt  0.456678 -0.133877 0.000000
vt  0.456573 -0.148511 0.000000
vt  0.456573 -0.152949 0.000000
vt  0.456573 -0.158106 0.000000
vt  0.456573 -0.162424 0.000000
vt  0.446092 -0.111448 0.000000
vt  0.448398 -0.115046 0.000000
vt  0.452905 -0.117925 0.000000
vt  0.456678 -0.122003 0.000000
vt  0.460347 -0.122123 0.000000
vt  0.461395 -0.133877 0.000000
vt  0.463281 -0.122123 0.000000
vt  0.464749 -0.133757 0.000000
vt  0.466950 -0.122243 0.000000
vt  0.468208 -0.133757 0.000000
vt  0.469990 -0.133757 0.000000
vt  0.468627 -0.148031 0.000000
vt  0.473553 -0.146951 0.000000
vt  0.473763 -0.147911 0.000000
vt  0.450389 -0.109289 0.000000
vt  0.451752 -0.113007 0.000000
vt  0.456783 -0.112167 0.000000
vt  0.456783 -0.117445 0.000000
vt  0.460556 -0.117925 0.000000
vt  0.456783 -0.107849 0.000000
vt  0.463177 -0.109289 0.000000
vt  0.461709 -0.113007 0.000000
vt  0.465063 -0.115166 0.000000
vt  0.463701 -0.118644 0.000000
vt  0.467369 -0.111448 0.000000
vt  0.468313 -0.117925 0.000000
vt  0.467369 -0.119964 0.000000
vt  0.471143 -0.114326 0.000000
vt  0.469990 -0.119364 0.000000
vt  0.469361 -0.120803 0.000000
vt  0.468942 -0.122483 0.000000
vt  0.473973 -0.123562 0.000000
vt  0.474287 -0.133757 0.000000
vt  0.474182 -0.122483 0.000000
vt  0.474497 -0.121763 0.000000
vt  0.472715 -0.115646 0.000000
vt  0.462862 -0.160985 0.000000
vt  0.461500 -0.157267 0.000000
vt  0.467055 -0.158826 0.000000
vt  0.464749 -0.155348 0.000000
vt  0.470723 -0.156067 0.000000
vt  0.467998 -0.152589 0.000000
vt  0.472400 -0.154868 0.000000
vt  0.469675 -0.151030 0.000000
vt  0.476383 -0.152229 0.000000
vt  0.474078 -0.148631 0.000000
vt  0.460347 -0.152589 0.000000
vt  0.463491 -0.151869 0.000000
vt  0.467160 -0.150550 0.000000
vt  0.469046 -0.149710 0.000000
vt  0.460137 -0.148391 0.000000
vt  0.463072 -0.148391 0.000000
vt  0.466740 -0.148271 0.000000
vt  0.439279 -0.122363 0.000000
vt  0.444415 -0.122483 0.000000
vt  0.439488 -0.123442 0.000000
vt  0.443366 -0.133637 0.000000
vt  0.439069 -0.133637 0.000000
vt  0.439698 -0.146831 0.000000
vt  0.444519 -0.147911 0.000000
vt  0.445148 -0.133637 0.000000
vt  0.446511 -0.148151 0.000000
vt  0.446092 -0.150430 0.000000
vt  0.445148 -0.152469 0.000000
vt  0.442423 -0.155947 0.000000
vt  0.440746 -0.154748 0.000000
vt  0.443471 -0.151030 0.000000
vt  0.444100 -0.149590 0.000000
vt  0.436868 -0.152109 0.000000
vt  0.439174 -0.148511 0.000000
vt  0.439488 -0.147791 0.000000
vt  0.021796 -0.073305 0.000000
vt  0.015612 -0.066468 0.000000
vt  0.025570 -0.068147 0.000000
vt  0.021063 -0.062990 0.000000
vt  0.032488 -0.067188 0.000000
vt  0.032278 -0.063230 0.000000
vt  0.033745 -0.066468 0.000000
vt  0.033536 -0.063230 0.000000
vt  0.011839 -0.056633 0.000000
vt  0.017918 -0.055673 0.000000
vt  0.032278 -0.059871 0.000000
vt  0.033536 -0.059991 0.000000
vt  0.011734 -0.050636 0.000000
vt  0.017709 -0.051235 0.000000
vt  0.032802 -0.057113 0.000000
vt  0.034270 -0.058672 0.000000
vt  0.013830 -0.041880 0.000000
vt  0.019805 -0.043799 0.000000
vt  0.032592 -0.046437 0.000000
vt  0.037833 -0.046437 0.000000
vt  0.037833 -0.036962 0.000000
vt  0.043179 -0.046437 0.000000
vt  0.043389 -0.035402 0.000000
vt  0.052508 -0.035882 0.000000
vt  0.049887 -0.030485 0.000000
vt  0.055757 -0.027366 0.000000
vt  0.053241 -0.023048 0.000000
vt  0.058587 -0.033124 0.000000
vt  0.055966 -0.043799 0.000000
vt  0.042969 -0.057113 0.000000
vt  0.037833 -0.055673 0.000000
vt  0.037833 -0.057832 0.000000
vt  0.061941 -0.041880 0.000000
vt  0.057958 -0.051235 0.000000
vt  0.043493 -0.059991 0.000000
vt  0.042131 -0.059991 0.000000
vt  0.042131 -0.063230 0.000000
vt  0.064037 -0.050636 0.000000
vt  0.057748 -0.055673 0.000000
vt  0.043389 -0.063230 0.000000
vt  0.042026 -0.066468 0.000000
vt  0.063932 -0.056633 0.000000
vt  0.054604 -0.062990 0.000000
vt  0.043179 -0.067188 0.000000
vt  0.037833 -0.067668 0.000000
vt  0.060159 -0.066468 0.000000
vt  0.050097 -0.068147 0.000000
vt  0.037833 -0.071026 0.000000
vt  0.037833 -0.069227 0.000000
vt  0.037833 -0.078223 0.000000
vt  0.053870 -0.073425 0.000000
vt  0.017185 -0.033243 0.000000
vt  0.023159 -0.035882 0.000000
vt  0.032383 -0.035402 0.000000
vt  0.037833 -0.034563 0.000000
vt  0.041711 -0.033723 0.000000
vt  0.042445 -0.032284 0.000000
vt  0.043913 -0.032284 0.000000
vt  0.042340 -0.028806 0.000000
vt  0.043703 -0.028686 0.000000
vt  0.041921 -0.025567 0.000000
vt  0.043074 -0.024607 0.000000
vt  0.037833 -0.024487 0.000000
vt  0.037833 -0.023288 0.000000
vt  0.032592 -0.024607 0.000000
vt  0.037833 -0.019090 0.000000
vt  0.031230 -0.019930 0.000000
vt  0.028190 -0.015612 0.000000
vt  0.028295 -0.026527 0.000000
vt  0.022425 -0.023048 0.000000
vt  0.025779 -0.030605 0.000000
vt  0.020015 -0.027486 0.000000
vt  0.044437 -0.019930 0.000000
vt  0.047372 -0.026527 0.000000
vt  0.047476 -0.015612 0.000000
vt  0.037833 -0.012613 0.000000
vt  0.034060 -0.033723 0.000000
vt  0.033221 -0.032284 0.000000
vt  0.031754 -0.032284 0.000000
vt  0.033326 -0.028806 0.000000
vt  0.031964 -0.028686 0.000000
vt  0.033641 -0.025567 0.000000
vt  0.041397 -0.058672 0.000000
vt  0.450389 -0.991844 0.000000
vt  0.438755 -0.984767 0.000000
vt  0.450389 -0.990405 0.000000
vt  0.440117 -0.983688 0.000000
vt  0.450389 -0.987646 0.000000
vt  0.441060 -0.982128 0.000000
vt  0.441794 -0.981649 0.000000
vt  0.439908 -0.972293 0.000000
vt  0.442004 -0.971213 0.000000
vt  0.443052 -0.963297 0.000000
vt  0.450494 -0.964856 0.000000
vt  0.443157 -0.962937 0.000000
vt  0.450494 -0.964496 0.000000
vt  0.443262 -0.962577 0.000000
vt  0.450494 -0.964137 0.000000
vt  0.450494 -0.958019 0.000000
vt  0.457726 -0.962577 0.000000
vt  0.458460 -0.957060 0.000000
vt  0.460661 -0.961018 0.000000
vt  0.461395 -0.956340 0.000000
vt  0.462757 -0.959819 0.000000
vt  0.464015 -0.956340 0.000000
vt  0.463072 -0.960059 0.000000
vt  0.464434 -0.956580 0.000000
vt  0.463386 -0.960298 0.000000
vt  0.464854 -0.956700 0.000000
vt  0.466740 -0.956100 0.000000
vt  0.468627 -0.930672 0.000000
vt  0.469046 -0.956340 0.000000
vt  0.470828 -0.930672 0.000000
vt  0.435086 -0.973732 0.000000
vt  0.437182 -0.973252 0.000000
vt  0.438650 -0.972893 0.000000
vt  0.439908 -0.961738 0.000000
vt  0.440117 -0.961378 0.000000
vt  0.440327 -0.961018 0.000000
vt  0.442528 -0.956940 0.000000
vt  0.450599 -0.937149 0.000000
vt  0.458145 -0.936309 0.000000
vt  0.463910 -0.932831 0.000000
vt  0.465378 -0.931632 0.000000
vt  0.465692 -0.931512 0.000000
vt  0.466007 -0.931512 0.000000
vt  0.468208 -0.925634 0.000000
vt  0.470514 -0.925514 0.000000
vt  0.439593 -0.956340 0.000000
vt  0.442947 -0.936189 0.000000
vt  0.450599 -0.933071 0.000000
vt  0.458145 -0.931991 0.000000
vt  0.463386 -0.929113 0.000000
vt  0.465483 -0.926714 0.000000
vt  0.465483 -0.926594 0.000000
vt  0.465587 -0.926354 0.000000
vt  0.468103 -0.919877 0.000000
vt  0.470304 -0.919637 0.000000
vt  0.467264 -0.911481 0.000000
vt  0.469256 -0.910881 0.000000
vt  0.464854 -0.906203 0.000000
vt  0.466426 -0.905004 0.000000
vt  0.458565 -0.901765 0.000000
vt  0.459298 -0.899846 0.000000
vt  0.450704 -0.900686 0.000000
vt  0.450704 -0.898527 0.000000
vt  0.442842 -0.901645 0.000000
vt  0.442109 -0.899726 0.000000
vt  0.436449 -0.906083 0.000000
vt  0.434876 -0.904764 0.000000
vt  0.433933 -0.911361 0.000000
vt  0.431941 -0.910761 0.000000
vt  0.430893 -0.919637 0.000000
vt  0.433094 -0.919757 0.000000
vt  0.435610 -0.919637 0.000000
vt  0.435610 -0.926234 0.000000
vt  0.438126 -0.928513 0.000000
vt  0.435715 -0.926474 0.000000
vt  0.438021 -0.928753 0.000000
vt  0.435715 -0.926714 0.000000
vt  0.437811 -0.929113 0.000000
vt  0.435820 -0.931512 0.000000
vt  0.437182 -0.932831 0.000000
vt  0.436973 -0.956340 0.000000
vt  0.438230 -0.959699 0.000000
vt  0.437916 -0.959939 0.000000
vt  0.437602 -0.960298 0.000000
vt  0.438650 -0.925394 0.000000
vt  0.443262 -0.931152 0.000000
vt  0.443157 -0.931512 0.000000
vt  0.442947 -0.931871 0.000000
vt  0.443052 -0.928033 0.000000
vt  0.450599 -0.932231 0.000000
vt  0.450599 -0.932591 0.000000
vt  0.443681 -0.926234 0.000000
vt  0.450599 -0.928753 0.000000
vt  0.458041 -0.928033 0.000000
vt  0.457936 -0.931152 0.000000
vt  0.462548 -0.925394 0.000000
vt  0.462967 -0.928513 0.000000
vt  0.465587 -0.919757 0.000000
vt  0.458041 -0.931512 0.000000
vt  0.463177 -0.928873 0.000000
vt  0.432570 -0.960898 0.000000
vt  0.434876 -0.960538 0.000000
vt  0.432046 -0.956220 0.000000
vt  0.434247 -0.955980 0.000000
vt  0.436239 -0.956580 0.000000
vt  0.436553 -0.956460 0.000000
vt  0.430369 -0.930672 0.000000
vt  0.432570 -0.930672 0.000000
vt  0.435086 -0.931512 0.000000
vt  0.435505 -0.931512 0.000000
vt  0.432885 -0.925514 0.000000
vt  0.430684 -0.925514 0.000000
vt  0.450599 -0.926834 0.000000
vt  0.457412 -0.926234 0.000000
vt  0.461185 -0.924075 0.000000
vt  0.463701 -0.919277 0.000000
vt  0.463281 -0.913760 0.000000
vt  0.465063 -0.913160 0.000000
vt  0.463072 -0.908602 0.000000
vt  0.461709 -0.909682 0.000000
vt  0.457621 -0.904404 0.000000
vt  0.456993 -0.906083 0.000000
vt  0.450704 -0.903804 0.000000
vt  0.443681 -0.904404 0.000000
vt  0.438230 -0.908602 0.000000
vt  0.436134 -0.913160 0.000000
vt  0.437916 -0.913640 0.000000
vt  0.437497 -0.919277 0.000000
vt  0.444415 -0.906083 0.000000
vt  0.439593 -0.909682 0.000000
vt  0.450704 -0.905723 0.000000
vt  0.440012 -0.923955 0.000000
vt  0.460871 -0.961378 0.000000
vt  0.457831 -0.962937 0.000000
vt  0.461080 -0.961738 0.000000
vt  0.457936 -0.963417 0.000000
vt  0.458984 -0.971213 0.000000
vt  0.461080 -0.972413 0.000000
vt  0.459194 -0.981649 0.000000
vt  0.459823 -0.982128 0.000000
vt  0.460766 -0.983688 0.000000
vt  0.462338 -0.972893 0.000000
vt  0.466112 -0.960658 0.000000
vt  0.468417 -0.961018 0.000000
vt  0.465797 -0.973852 0.000000
vt  0.463806 -0.973372 0.000000
vt  0.462129 -0.984767 0.000000
vt  0.837999 -0.061191 0.000000
vt  0.852883 -0.072346 0.000000
vt  0.838313 -0.065269 0.000000
vt  0.845650 -0.076424 0.000000
vt  0.839361 -0.077143 0.000000
vt  0.845650 -0.084700 0.000000
vt  0.840724 -0.088778 0.000000
vt  0.852778 -0.088898 0.000000
vt  0.852778 -0.096934 0.000000
vt  0.864832 -0.088778 0.000000
vt  0.852883 -0.061191 0.000000
vt  0.836007 -0.037801 0.000000
vt  0.852987 -0.037801 0.000000
vt  0.845336 -0.035522 0.000000
vt  0.852987 -0.036002 0.000000
vt  0.867662 -0.061191 0.000000
vt  0.867452 -0.065269 0.000000
vt  0.859905 -0.076544 0.000000
vt  0.866299 -0.077143 0.000000
vt  0.859905 -0.084700 0.000000
vt  0.869863 -0.037921 0.000000
vt  0.860639 -0.035522 0.000000
vt  0.870072 -0.033363 0.000000
vt  0.864936 -0.033004 0.000000
vt  0.867871 -0.027726 0.000000
vt  0.870282 -0.027966 0.000000
vt  0.869863 -0.019810 0.000000
vt  0.867557 -0.021369 0.000000
vt  0.867766 -0.014172 0.000000
vt  0.865775 -0.016691 0.000000
vt  0.860953 -0.009734 0.000000
vt  0.860220 -0.012493 0.000000
vt  0.853092 -0.009374 0.000000
vt  0.853092 -0.012373 0.000000
vt  0.845860 -0.012493 0.000000
vt  0.845126 -0.009614 0.000000
vt  0.840305 -0.016571 0.000000
vt  0.838418 -0.014172 0.000000
vt  0.838523 -0.021249 0.000000
vt  0.836217 -0.019690 0.000000
vt  0.838104 -0.027606 0.000000
vt  0.835693 -0.027846 0.000000
vt  0.835902 -0.033243 0.000000
vt  0.841038 -0.032884 0.000000
vt  0.455630 -0.978890 0.000000
vt  0.455840 -0.972773 0.000000
vt  0.456573 -0.979490 0.000000
vt  0.456993 -0.972173 0.000000
vt  0.456783 -0.979730 0.000000
vt  0.457412 -0.972053 0.000000
vt  0.450494 -0.965816 0.000000
vt  0.450494 -0.969414 0.000000
vt  0.450494 -0.968095 0.000000
vt  0.450494 -0.967735 0.000000
vt  0.443576 -0.971933 0.000000
vt  0.444100 -0.979610 0.000000
vt  0.442842 -0.980569 0.000000
vt  0.450494 -0.983208 0.000000
vt  0.450494 -0.984887 0.000000
vt  0.458041 -0.980569 0.000000
vt  0.450389 -0.986806 0.000000
vt  0.443995 -0.972173 0.000000
vt  0.444310 -0.979490 0.000000
vt  0.450494 -0.982968 0.000000
vt  0.445043 -0.972653 0.000000
vt  0.445253 -0.978770 0.000000
vt  0.450494 -0.981769 0.000000
vt  0.881545 7.327702 0.000000
vt  0.927065 7.327702 0.000000
vt  0.881545 7.047441 0.000000
vt  0.927065 7.047441 0.000000
vt  0.927065 6.754277 0.000000
vt  0.881545 6.754277 0.000000
vt  0.927065 6.170058 0.000000
vt  0.881545 6.170058 0.000000
vt  0.927065 4.977222 0.000000
vt  0.881545 4.977222 0.000000
vt  0.927065 3.798438 0.000000
vt  0.881545 3.798438 0.000000
vt  0.927065 3.112793 0.000000
vt  0.881545 3.112793 0.000000
vt  0.881545 2.426893 0.000000
vt  0.969061 6.170058 0.000000
vt  0.969061 4.977222 0.000000
vt  0.969061 3.798438 0.000000
vt  0.969061 3.112793 0.000000
vt  0.927065 2.426893 0.000000
vt  0.969061 2.426893 0.000000
vt  0.927065 1.749680 0.000000
vt  0.969061 1.749680 0.000000
vt  0.927065 1.072530 0.000000
vt  0.969061 1.072530 0.000000
vt  0.927065 0.441367 0.000000
vt  0.969061 0.441367 0.000000
vt  0.927065 0.110456 0.000000
vt  0.969061 0.110456 0.000000
vt  0.927065 -0.192096 0.000000
vt  0.969061 -0.192096 0.000000
vt  0.927065 -0.386325 0.000000
vt  0.969061 -0.386325 0.000000
vt  0.927065 -0.580554 0.000000
vt  0.969061 -0.580554 0.000000
vt  0.927065 -0.932669 0.000000
vt  0.969061 -0.932669 0.000000
vt  0.927065 -1.028985 0.000000
vt  0.969061 -1.020107 0.000000
vt  0.881545 1.072530 0.000000
vt  0.881545 0.441367 0.000000
vt  0.881545 0.110456 0.000000
vt  0.881545 -0.192096 0.000000
vt  0.881545 -0.386325 0.000000
vt  0.881545 -0.580554 0.000000
vt  0.881545 -0.932669 0.000000
vt  0.881545 1.749680 0.000000
vt  0.236708 -0.942249 0.000000
vt  0.236708 -0.971949 0.000000
vt  0.233243 -0.942249 0.000000
vt  0.232075 -0.971757 0.000000
vt  0.222840 -0.942249 0.000000
vt  0.218171 -0.971246 0.000000
vt  0.208979 -0.942249 0.000000
vt  0.199641 -0.970608 0.000000
vt  0.166403 -0.968692 0.000000
vt  0.147989 -0.980380 0.000000
vt  0.090240 -0.972460 0.000000
vt  0.236708 -0.983893 0.000000
vt  0.230894 -0.983765 0.000000
vt  0.213459 -0.983509 0.000000
vt  0.190217 -0.983126 0.000000
vt  0.242268 -0.983765 0.000000
vt  0.241094 -0.971757 0.000000
vt  0.258956 -0.983509 0.000000
vt  0.254259 -0.971310 0.000000
vt  0.281212 -0.983190 0.000000
vt  0.271810 -0.970672 0.000000
vt  0.323418 -0.980507 0.000000
vt  0.305041 -0.968819 0.000000
vt  0.381160 -0.972715 0.000000
vt  0.368263 -0.958792 0.000000
vt  0.410716 -0.958856 0.000000
vt  0.402176 -0.952660 0.000000
vt  0.416443 -0.929220 0.000000
vt  0.404068 -0.922514 0.000000
vt  0.422163 -0.899584 0.000000
vt  0.405960 -0.892431 0.000000
vt  0.428035 -0.867266 0.000000
vt  0.412608 -0.862156 0.000000
vt  0.433820 -0.820449 0.000000
vt  0.420322 -0.817256 0.000000
vt  0.435864 -0.740420 0.000000
vt  0.419974 -0.739334 0.000000
vt  0.443194 -0.664415 0.000000
vt  0.430021 -0.664223 0.000000
vt  0.450530 -0.588346 0.000000
vt  0.440069 -0.589176 0.000000
vt  0.448710 -0.521410 0.000000
vt  0.435944 -0.521857 0.000000
vt  0.446898 -0.454538 0.000000
vt  0.431819 -0.454602 0.000000
vt  0.439641 -0.334079 0.000000
vt  0.418995 -0.336123 0.000000
vt  0.428129 -0.173318 0.000000
vt  0.407570 -0.176959 0.000000
vt  0.416349 -0.099740 0.000000
vt  0.385742 -0.105169 0.000000
vt  0.403873 -0.072468 0.000000
vt  0.373179 -0.084347 0.000000
vt  0.386372 -0.048453 0.000000
vt  0.346950 -0.076875 0.000000
vt  0.331864 -0.013643 0.000000
vt  0.323041 -0.073681 0.000000
vt  0.286040 -0.014154 0.000000
vt  0.292391 -0.062440 0.000000
vt  0.264546 -0.053434 0.000000
vt  0.263262 -0.075470 0.000000
vt  0.243341 -0.070232 0.000000
vt  0.243000 -0.080579 0.000000
vt  0.236708 -0.079174 0.000000
vt  0.236708 -0.089840 0.000000
vt  0.230865 -0.090990 0.000000
vt  0.262530 -0.942313 0.000000
vt  0.288164 -0.940333 0.000000
vt  0.345217 -0.932797 0.000000
vt  0.372185 -0.920789 0.000000
vt  0.376049 -0.897860 0.000000
vt  0.379913 -0.874930 0.000000
vt  0.390621 -0.848744 0.000000
vt  0.402444 -0.808889 0.000000
vt  0.405482 -0.739143 0.000000
vt  0.414123 -0.665820 0.000000
vt  0.422765 -0.592497 0.000000
vt  0.417893 -0.524987 0.000000
vt  0.413021 -0.457476 0.000000
vt  0.398443 -0.342318 0.000000
vt  0.392759 -0.192288 0.000000
vt  0.372135 -0.120562 0.000000
vt  0.353837 -0.100507 0.000000
vt  0.335677 -0.089840 0.000000
vt  0.320656 -0.088946 0.000000
vt  0.289817 -0.082495 0.000000
vt  0.261892 -0.084922 0.000000
vt  0.242660 -0.090990 0.000000
vt  0.261515 -0.928453 0.000000
vt  0.286395 -0.925962 0.000000
vt  0.329638 -0.923983 0.000000
vt  0.345406 -0.905652 0.000000
vt  0.351017 -0.886363 0.000000
vt  0.356628 -0.867074 0.000000
vt  0.368822 -0.842037 0.000000
vt  0.387018 -0.804929 0.000000
vt  0.392455 -0.739845 0.000000
vt  0.397689 -0.667034 0.000000
vt  0.402923 -0.594286 0.000000
vt  0.399690 -0.526583 0.000000
vt  0.396456 -0.458881 0.000000
vt  0.382820 -0.344107 0.000000
vt  0.379348 -0.198292 0.000000
vt  0.361014 -0.126502 0.000000
vt  0.347813 -0.105297 0.000000
vt  0.334582 -0.095972 0.000000
vt  0.319018 -0.095525 0.000000
vt  0.287084 -0.090734 0.000000
vt  0.260529 -0.094375 0.000000
vt  0.259457 -0.120115 0.000000
vt  0.242391 -0.120242 0.000000
vt  0.241978 -0.149878 0.000000
vt  0.284344 -0.098974 0.000000
vt  0.317380 -0.102103 0.000000
vt  0.333495 -0.102040 0.000000
vt  0.341796 -0.110151 0.000000
vt  0.349886 -0.132442 0.000000
vt  0.365936 -0.204232 0.000000
vt  0.367190 -0.345895 0.000000
vt  0.379891 -0.460350 0.000000
vt  0.381486 -0.528180 0.000000
vt  0.383081 -0.596074 0.000000
vt  0.381254 -0.668311 0.000000
vt  0.379428 -0.740484 0.000000
vt  0.371591 -0.800969 0.000000
vt  0.347030 -0.835395 0.000000
vt  0.333336 -0.859282 0.000000
vt  0.325977 -0.874867 0.000000
vt  0.318619 -0.890515 0.000000
vt  0.314052 -0.915105 0.000000
vt  0.284634 -0.911528 0.000000
vt  0.260500 -0.914658 0.000000
vt  0.248604 -0.915232 0.000000
vt  0.249112 -0.928709 0.000000
vt  0.239680 -0.915616 0.000000
vt  0.239803 -0.928964 0.000000
vt  0.285968 -0.885022 0.000000
vt  0.289288 -0.870843 0.000000
vt  0.292608 -0.856727 0.000000
vt  0.300285 -0.829966 0.000000
vt  0.313226 -0.789536 0.000000
vt  0.309949 -0.727646 0.000000
vt  0.311399 -0.661094 0.000000
vt  0.312849 -0.594605 0.000000
vt  0.314117 -0.527605 0.000000
vt  0.315386 -0.460542 0.000000
vt  0.311022 -0.343915 0.000000
vt  0.318003 -0.206211 0.000000
vt  0.315451 -0.141192 0.000000
vt  0.317503 -0.117049 0.000000
vt  0.260363 -0.866755 0.000000
vt  0.262030 -0.852129 0.000000
vt  0.269425 -0.824665 0.000000
vt  0.275898 -0.788323 0.000000
vt  0.272774 -0.723303 0.000000
vt  0.274144 -0.658667 0.000000
vt  0.275507 -0.594030 0.000000
vt  0.275869 -0.527158 0.000000
vt  0.276224 -0.460286 0.000000
vt  0.275050 -0.340594 0.000000
vt  0.278581 -0.208191 0.000000
vt  0.278871 -0.146429 0.000000
vt  0.282213 -0.119987 0.000000
vt  0.256289 -0.526967 0.000000
vt  0.256470 -0.460031 0.000000
vt  0.255875 -0.338997 0.000000
vt  0.257644 -0.208958 0.000000
vt  0.257789 -0.148409 0.000000
vt  0.241601 -0.526839 0.000000
vt  0.241645 -0.459839 0.000000
vt  0.241500 -0.337784 0.000000
vt  0.241942 -0.209533 0.000000
vt  0.256107 -0.593966 0.000000
vt  0.255426 -0.657836 0.000000
vt  0.254737 -0.721770 0.000000
vt  0.241384 -0.657261 0.000000
vt  0.241558 -0.593902 0.000000
vt  0.256303 -0.787812 0.000000
vt  0.253070 -0.822301 0.000000
vt  0.249365 -0.850532 0.000000
vt  0.240796 -0.820513 0.000000
vt  0.241601 -0.787492 0.000000
vt  0.241217 -0.720684 0.000000
vt  0.248532 -0.865733 0.000000
vt  0.247698 -0.880998 0.000000
vt  0.258695 -0.881445 0.000000
vt  0.249619 -0.942249 0.000000
vt  0.239934 -0.942249 0.000000
vt  0.236708 -0.942249 0.000000
vt  0.261370 -0.015049 0.000000
vt  0.243667 -0.046728 0.000000
vt  0.242870 -0.015751 0.000000
vt  0.236708 -0.044493 0.000000
vt  0.236708 -0.016007 0.000000
vt  0.230720 -0.015687 0.000000
vt  0.236708 -0.068508 0.000000
vt  0.229799 -0.046856 0.000000
vt  0.212777 -0.014665 0.000000
vt  0.230307 -0.080579 0.000000
vt  0.229741 -0.070232 0.000000
vt  0.211103 -0.084986 0.000000
vt  0.208848 -0.075470 0.000000
vt  0.185498 -0.090734 0.000000
vt  0.180989 -0.082495 0.000000
vt  0.156275 -0.094886 0.000000
vt  0.155521 -0.087988 0.000000
vt  0.139442 -0.095397 0.000000
vt  0.137847 -0.090224 0.000000
vt  0.126516 -0.104467 0.000000
vt  0.120275 -0.099293 0.000000
vt  0.113040 -0.125735 0.000000
vt  0.101883 -0.119540 0.000000
vt  0.094242 -0.197525 0.000000
vt  0.080772 -0.191458 0.000000
vt  0.090189 -0.343596 0.000000
vt  0.074552 -0.341744 0.000000
vt  0.076162 -0.458498 0.000000
vt  0.059582 -0.457029 0.000000
vt  0.072696 -0.526200 0.000000
vt  0.054493 -0.524540 0.000000
vt  0.069231 -0.593839 0.000000
vt  0.049397 -0.592050 0.000000
vt  0.074342 -0.666650 0.000000
vt  0.057908 -0.665373 0.000000
vt  0.079446 -0.739398 0.000000
vt  0.066418 -0.738696 0.000000
vt  0.084752 -0.804546 0.000000
vt  0.069311 -0.808506 0.000000
vt  0.102869 -0.841718 0.000000
vt  0.081055 -0.848360 0.000000
vt  0.115019 -0.866819 0.000000
vt  0.091704 -0.874611 0.000000
vt  0.120586 -0.886108 0.000000
vt  0.095518 -0.897540 0.000000
vt  0.126161 -0.905396 0.000000
vt  0.099331 -0.920534 0.000000
vt  0.141892 -0.923727 0.000000
vt  0.126284 -0.932605 0.000000
vt  0.185135 -0.925835 0.000000
vt  0.183345 -0.940269 0.000000
vt  0.210015 -0.928390 0.000000
vt  0.223362 -0.928709 0.000000
vt  0.233366 -0.928964 0.000000
vt  0.213357 -0.094439 0.000000
vt  0.190007 -0.099038 0.000000
vt  0.157029 -0.101720 0.000000
vt  0.141037 -0.100570 0.000000
vt  0.132758 -0.109576 0.000000
vt  0.124196 -0.131931 0.000000
vt  0.107704 -0.203593 0.000000
vt  0.105834 -0.345448 0.000000
vt  0.092741 -0.459967 0.000000
vt  0.090900 -0.527797 0.000000
vt  0.089058 -0.595691 0.000000
vt  0.090769 -0.667928 0.000000
vt  0.092473 -0.740101 0.000000
vt  0.100194 -0.800650 0.000000
vt  0.124689 -0.835139 0.000000
vt  0.138340 -0.859027 0.000000
vt  0.145662 -0.874675 0.000000
vt  0.152984 -0.890323 0.000000
vt  0.157500 -0.914913 0.000000
vt  0.186933 -0.911400 0.000000
vt  0.211059 -0.914594 0.000000
vt  0.223884 -0.915168 0.000000
vt  0.233496 -0.915616 0.000000
vt  0.156833 -0.116538 0.000000
vt  0.158668 -0.140809 0.000000
vt  0.155688 -0.205828 0.000000
vt  0.162068 -0.343660 0.000000
vt  0.157334 -0.460414 0.000000
vt  0.158523 -0.527414 0.000000
vt  0.159704 -0.594413 0.000000
vt  0.160886 -0.660902 0.000000
vt  0.162060 -0.727327 0.000000
vt  0.158617 -0.789345 0.000000
vt  0.171470 -0.829774 0.000000
vt  0.179082 -0.856600 0.000000
vt  0.182373 -0.870715 0.000000
vt  0.185657 -0.884894 0.000000
vt  0.191957 -0.119923 0.000000
vt  0.195132 -0.146238 0.000000
vt  0.195103 -0.208000 0.000000
vt  0.198068 -0.340466 0.000000
vt  0.196524 -0.460222 0.000000
vt  0.197126 -0.527094 0.000000
vt  0.197720 -0.594030 0.000000
vt  0.198503 -0.658539 0.000000
vt  0.199286 -0.723111 0.000000
vt  0.195973 -0.788195 0.000000
vt  0.202345 -0.824601 0.000000
vt  0.209682 -0.852065 0.000000
vt  0.211320 -0.866691 0.000000
vt  0.212951 -0.881381 0.000000
vt  0.216917 -0.526967 0.000000
vt  0.216612 -0.460031 0.000000
vt  0.217388 -0.338933 0.000000
vt  0.215909 -0.208830 0.000000
vt  0.215916 -0.148345 0.000000
vt  0.214329 -0.120115 0.000000
vt  0.231111 -0.120242 0.000000
vt  0.231510 -0.149878 0.000000
vt  0.231503 -0.209469 0.000000
vt  0.231872 -0.337784 0.000000
vt  0.231684 -0.459839 0.000000
vt  0.231756 -0.526839 0.000000
vt  0.217214 -0.593966 0.000000
vt  0.217606 -0.657836 0.000000
vt  0.231836 -0.593902 0.000000
vt  0.231930 -0.657261 0.000000
vt  0.217997 -0.721706 0.000000
vt  0.216337 -0.787812 0.000000
vt  0.219527 -0.822238 0.000000
vt  0.223195 -0.850468 0.000000
vt  0.224014 -0.865733 0.000000
vt  0.224826 -0.880934 0.000000
vt  0.232025 -0.720620 0.000000
vt  0.231611 -0.787428 0.000000
vt  0.232409 -0.820513 0.000000
vt  0.233330 -0.849318 0.000000
vt  0.233533 -0.864967 0.000000
vt  0.233736 -0.880615 0.000000
vt  0.209073 -0.054137 0.000000
vt  0.188847 -0.013388 0.000000
vt  0.181438 -0.063781 0.000000
vt  0.151353 -0.073042 0.000000
vt  0.143125 -0.012430 0.000000
vt  0.127306 -0.075853 0.000000
vt  0.087906 -0.046920 0.000000
vt  0.100998 -0.083134 0.000000
vt  0.070203 -0.071063 0.000000
vt  0.088290 -0.104019 0.000000
vt  0.057581 -0.098399 0.000000
vt  0.065983 -0.176001 0.000000
vt  0.045373 -0.172233 0.000000
vt  0.053986 -0.335484 0.000000
vt  0.033310 -0.333377 0.000000
vt  0.040777 -0.454027 0.000000
vt  0.025698 -0.453899 0.000000
vt  0.036442 -0.521346 0.000000
vt  0.023668 -0.520899 0.000000
vt  0.032100 -0.588601 0.000000
vt  0.021639 -0.587835 0.000000
vt  0.042010 -0.663776 0.000000
vt  0.028830 -0.663904 0.000000
vt  0.051920 -0.738887 0.000000
vt  0.036029 -0.739909 0.000000
vt  0.051412 -0.816873 0.000000
vt  0.037906 -0.819938 0.000000
vt  0.059031 -0.861709 0.000000
vt  0.043590 -0.866819 0.000000
vt  0.065606 -0.892048 0.000000
vt  0.049382 -0.899201 0.000000
vt  0.067433 -0.922194 0.000000
vt  0.055037 -0.928837 0.000000
vt  0.069260 -0.952277 0.000000
vt  0.060699 -0.958472 0.000000
vt  0.103166 -0.958536 0.000000
vt  0.489916 -0.075342 0.000000
vt  0.456322 -0.089585 0.000000
vt  0.489916 -0.005404 0.000000
vt  0.456322 -0.012558 0.000000
vt  0.419908 -0.089585 0.000000
vt  0.419908 -0.012558 0.000000
vt  0.239455 -0.880615 0.000000
vt  0.239666 -0.864967 0.000000
vt  0.239869 -0.849318 0.000000
vt  0.882930 6.184940 0.000000
vt  0.926333 6.184940 0.000000
vt  0.882930 4.992040 0.000000
vt  0.926333 4.992040 0.000000
vt  0.882930 3.813255 0.000000
vt  0.926333 3.813255 0.000000
vt  0.882930 3.127611 0.000000
vt  0.926333 3.127611 0.000000
vt  0.882930 2.441711 0.000000
vt  0.926333 2.441711 0.000000
vt  0.882930 1.764497 0.000000
vt  0.926333 1.764497 0.000000
vt  0.882930 1.087348 0.000000
vt  0.926333 1.087348 0.000000
vt  0.882930 0.456184 0.000000
vt  0.926333 0.456184 0.000000
vt  0.882930 0.125274 0.000000
vt  0.926333 0.125274 0.000000
vt  0.882930 -0.177278 0.000000
vt  0.926333 -0.177278 0.000000
vt  0.882930 -0.371507 0.000000
vt  0.926333 -0.371507 0.000000
vt  0.882930 -0.565736 0.000000
vt  0.926333 -0.565736 0.000000
vt  0.882930 -0.917851 0.000000
vt  0.926333 -0.917851 0.000000
vt  0.882930 -1.005225 0.000000
vt  0.926333 -1.014167 0.000000
vt  0.971830 -0.177278 0.000000
vt  0.971830 -0.371507 0.000000
vt  0.971830 -0.565736 0.000000
vt  0.971830 -0.917851 0.000000
vt  0.971830 -1.014167 0.000000
vt  0.971830 0.125274 0.000000
vt  0.971830 0.456184 0.000000
vt  0.971830 1.087348 0.000000
vt  0.971830 1.764497 0.000000
vt  0.971830 2.441711 0.000000
vt  0.971830 3.127611 0.000000
vt  0.971830 3.813255 0.000000
vt  0.971830 4.992040 0.000000
vt  0.971830 6.184940 0.000000
vt  0.971830 6.769095 0.000000
vt  0.926333 6.769095 0.000000
vt  0.971830 7.062258 0.000000
vt  0.926333 7.062258 0.000000
vt  0.971830 7.342520 0.000000
vt  0.881545 -1.028985 0.000000
vt  0.490859 -0.002338 0.000000
vt  0.456134 -0.009428 0.000000
vt  0.490859 -0.072212 0.000000
vt  0.456134 -0.086519 0.000000
vt  0.419742 -0.086519 0.000000
vt  0.419742 -0.009428 0.000000
vt  0.478158 -0.323541 0.000000
vt  0.485639 -0.441189 0.000000
vt  0.477853 -0.438826 0.000000
vt  0.486023 -0.504868 0.000000
vt  0.478919 -0.502888 0.000000
vt  0.486408 -0.568482 0.000000
vt  0.479992 -0.566949 0.000000
vt  0.489119 -0.640464 0.000000
vt  0.480427 -0.640080 0.000000
vt  0.491823 -0.712445 0.000000
vt  0.480869 -0.713212 0.000000
vt  0.491083 -0.784618 0.000000
vt  0.483979 -0.789025 0.000000
vt  0.490953 -0.826261 0.000000
vt  0.482964 -0.833479 0.000000
vt  0.491047 -0.859985 0.000000
vt  0.482449 -0.864520 0.000000
vt  0.491997 -0.887002 0.000000
vt  0.483102 -0.896646 0.000000
vt  0.492946 -0.913955 0.000000
vt  0.483754 -0.928709 0.000000
vt  0.519001 -0.924877 0.000000
vt  0.516877 -0.938736 0.000000
vt  0.571849 -0.932860 0.000000
vt  0.574169 -0.946656 0.000000
vt  0.614875 -0.934968 0.000000
vt  0.616071 -0.948125 0.000000
vt  0.638254 -0.948317 0.000000
vt  0.496796 -0.508061 0.000000
vt  0.497340 -0.570845 0.000000
vt  0.499087 -0.641166 0.000000
vt  0.500841 -0.711487 0.000000
vt  0.503052 -0.781233 0.000000
vt  0.504538 -0.819747 0.000000
vt  0.505734 -0.846125 0.000000
vt  0.505445 -0.869757 0.000000
vt  0.505162 -0.893389 0.000000
vt  0.523887 -0.909292 0.000000
vt  0.572560 -0.917723 0.000000
vt  0.615158 -0.919001 0.000000
vt  0.637660 -0.935479 0.000000
vt  0.654892 -0.948509 0.000000
vt  0.521886 -0.574422 0.000000
vt  0.525417 -0.642571 0.000000
vt  0.528954 -0.710721 0.000000
vt  0.526642 -0.772164 0.000000
vt  0.528853 -0.808122 0.000000
vt  0.530151 -0.834565 0.000000
vt  0.526149 -0.854428 0.000000
vt  0.522147 -0.874292 0.000000
vt  0.530890 -0.891664 0.000000
vt  0.573727 -0.896327 0.000000
vt  0.615745 -0.896838 0.000000
vt  0.638102 -0.896838 0.000000
vt  0.637805 -0.919192 0.000000
vt  0.654790 -0.919256 0.000000
vt  0.654747 -0.935862 0.000000
vt  0.660445 -0.935990 0.000000
vt  0.660438 -0.948573 0.000000
vt  0.665983 -0.948509 0.000000
vt  0.569269 -0.868543 0.000000
vt  0.570494 -0.850021 0.000000
vt  0.571726 -0.831563 0.000000
vt  0.571240 -0.806653 0.000000
vt  0.570472 -0.770631 0.000000
vt  0.571248 -0.709826 0.000000
vt  0.568587 -0.642060 0.000000
vt  0.565934 -0.574230 0.000000
vt  0.566782 -0.510744 0.000000
vt  0.522611 -0.512340 0.000000
vt  0.567637 -0.447193 0.000000
vt  0.523336 -0.450195 0.000000
vt  0.569551 -0.340786 0.000000
vt  0.525910 -0.344873 0.000000
vt  0.575605 -0.212088 0.000000
vt  0.533014 -0.210491 0.000000
vt  0.579309 -0.156712 0.000000
vt  0.536835 -0.153966 0.000000
vt  0.580106 -0.126182 0.000000
vt  0.543381 -0.125735 0.000000
vt  0.580933 -0.099804 0.000000
vt  0.551080 -0.102231 0.000000
vt  0.579592 -0.070615 0.000000
vt  0.529136 -0.086583 0.000000
vt  0.571697 -0.047686 0.000000
vt  0.514543 -0.064292 0.000000
vt  0.570175 -0.040405 0.000000
vt  0.510715 -0.051902 0.000000
vt  0.613853 -0.035168 0.000000
vt  0.614882 -0.045898 0.000000
vt  0.618347 -0.066208 0.000000
vt  0.618862 -0.097058 0.000000
vt  0.618826 -0.125224 0.000000
vt  0.618630 -0.156968 0.000000
vt  0.617006 -0.213109 0.000000
vt  0.613969 -0.339125 0.000000
vt  0.612925 -0.447385 0.000000
vt  0.612425 -0.510616 0.000000
vt  0.611932 -0.573783 0.000000
vt  0.613323 -0.641038 0.000000
vt  0.614723 -0.708294 0.000000
vt  0.614244 -0.769673 0.000000
vt  0.614592 -0.806015 0.000000
vt  0.614795 -0.831116 0.000000
vt  0.614099 -0.849957 0.000000
vt  0.613403 -0.868799 0.000000
vt  0.637406 -0.034465 0.000000
vt  0.637914 -0.046792 0.000000
vt  0.639639 -0.065506 0.000000
vt  0.639885 -0.096483 0.000000
vt  0.639856 -0.125033 0.000000
vt  0.639748 -0.157095 0.000000
vt  0.638921 -0.213429 0.000000
vt  0.637363 -0.338231 0.000000
vt  0.636812 -0.447448 0.000000
vt  0.636543 -0.510488 0.000000
vt  0.636282 -0.573528 0.000000
vt  0.636964 -0.640591 0.000000
vt  0.637638 -0.707591 0.000000
vt  0.637384 -0.769353 0.000000
vt  0.637551 -0.805759 0.000000
vt  0.637645 -0.830988 0.000000
vt  0.637290 -0.849893 0.000000
vt  0.654689 -0.849893 0.000000
vt  0.654595 -0.868863 0.000000
vt  0.660474 -0.868863 0.000000
vt  0.654877 -0.896838 0.000000
vt  0.660467 -0.896774 0.000000
vt  0.660452 -0.919320 0.000000
vt  0.655631 -0.124841 0.000000
vt  0.655588 -0.157159 0.000000
vt  0.655356 -0.213620 0.000000
vt  0.654913 -0.337528 0.000000
vt  0.654725 -0.447448 0.000000
vt  0.654638 -0.510424 0.000000
vt  0.654544 -0.573336 0.000000
vt  0.660670 -0.510424 0.000000
vt  0.660633 -0.573336 0.000000
vt  0.666723 -0.573400 0.000000
vt  0.660597 -0.640080 0.000000
vt  0.666505 -0.640208 0.000000
vt  0.666288 -0.707080 0.000000
vt  0.683476 -0.707591 0.000000
vt  0.666310 -0.769098 0.000000
vt  0.683672 -0.769353 0.000000
vt  0.666244 -0.805631 0.000000
vt  0.683469 -0.805823 0.000000
vt  0.683346 -0.831052 0.000000
vt  0.706196 -0.831179 0.000000
vt  0.683679 -0.849957 0.000000
vt  0.706870 -0.850021 0.000000
vt  0.684013 -0.868863 0.000000
vt  0.707544 -0.868863 0.000000
vt  0.682817 -0.896838 0.000000
vt  0.705174 -0.896902 0.000000
vt  0.705739 -0.919065 0.000000
vt  0.748337 -0.917787 0.000000
vt  0.749033 -0.932924 0.000000
vt  0.801881 -0.925004 0.000000
vt  0.803998 -0.938864 0.000000
vt  0.837128 -0.928901 0.000000
vt  0.683099 -0.919192 0.000000
vt  0.666056 -0.896838 0.000000
vt  0.666360 -0.868863 0.000000
vt  0.666281 -0.849893 0.000000
vt  0.666208 -0.830924 0.000000
vt  0.660510 -0.805568 0.000000
vt  0.660525 -0.768970 0.000000
vt  0.660561 -0.706888 0.000000
vt  0.654827 -0.707080 0.000000
vt  0.654689 -0.640208 0.000000
vt  0.666114 -0.919256 0.000000
vt  0.660467 -0.896774 0.000000
vt  0.660474 -0.868863 0.000000
vt  0.660488 -0.849893 0.000000
vt  0.660496 -0.830860 0.000000
vt  0.654783 -0.830924 0.000000
vt  0.654769 -0.805631 0.000000
vt  0.654739 -0.769098 0.000000
vt  0.655653 -0.096100 0.000000
vt  0.660909 -0.095972 0.000000
vt  0.660931 -0.064803 0.000000
vt  0.666165 -0.096100 0.000000
vt  0.666252 -0.064995 0.000000
vt  0.681932 -0.096547 0.000000
vt  0.682222 -0.065570 0.000000
vt  0.702948 -0.097121 0.000000
vt  0.703506 -0.066272 0.000000
vt  0.740870 -0.099932 0.000000
vt  0.742240 -0.070743 0.000000
vt  0.770716 -0.102359 0.000000
vt  0.792667 -0.086711 0.000000
vt  0.778386 -0.125863 0.000000
vt  0.800229 -0.107916 0.000000
vt  0.784896 -0.154094 0.000000
vt  0.806014 -0.136210 0.000000
vt  0.788651 -0.210682 0.000000
vt  0.812756 -0.195865 0.000000
vt  0.795603 -0.345001 0.000000
vt  0.823347 -0.337528 0.000000
vt  0.798061 -0.450323 0.000000
vt  0.825152 -0.445469 0.000000
vt  0.798721 -0.512468 0.000000
vt  0.824536 -0.508253 0.000000
vt  0.799380 -0.574614 0.000000
vt  0.823927 -0.571037 0.000000
vt  0.795770 -0.642699 0.000000
vt  0.822100 -0.641358 0.000000
vt  0.792160 -0.710848 0.000000
vt  0.820273 -0.711615 0.000000
vt  0.794407 -0.772291 0.000000
vt  0.817990 -0.781425 0.000000
vt  0.792153 -0.808250 0.000000
vt  0.816453 -0.819874 0.000000
vt  0.790833 -0.834692 0.000000
vt  0.815235 -0.846317 0.000000
vt  0.794813 -0.854556 0.000000
vt  0.815496 -0.869948 0.000000
vt  0.798793 -0.874419 0.000000
vt  0.815757 -0.893580 0.000000
vt  0.790029 -0.891792 0.000000
vt  0.797017 -0.909420 0.000000
vt  0.747199 -0.896455 0.000000
vt  0.707001 -0.045962 0.000000
vt  0.750171 -0.047814 0.000000
vt  0.807282 -0.064484 0.000000
vt  0.814662 -0.089202 0.000000
vt  0.817497 -0.118710 0.000000
vt  0.821919 -0.183538 0.000000
vt  0.833757 -0.329608 0.000000
vt  0.835773 -0.441381 0.000000
vt  0.835316 -0.505059 0.000000
vt  0.834859 -0.568674 0.000000
vt  0.832075 -0.640655 0.000000
vt  0.829284 -0.712637 0.000000
vt  0.829951 -0.784746 0.000000
vt  0.830038 -0.826453 0.000000
vt  0.829908 -0.860176 0.000000
vt  0.828929 -0.887130 0.000000
vt  0.827943 -0.914083 0.000000
vt  0.708045 -0.035231 0.000000
vt  0.751693 -0.040533 0.000000
vt  0.811124 -0.052093 0.000000
vt  0.826363 -0.075150 0.000000
vt  0.832822 -0.104339 0.000000
vt  0.831901 -0.174724 0.000000
vt  0.843377 -0.323732 0.000000
vt  0.843558 -0.439018 0.000000
vt  0.842420 -0.503079 0.000000
vt  0.841282 -0.567141 0.000000
vt  0.840760 -0.640272 0.000000
vt  0.840238 -0.713403 0.000000
vt  0.837048 -0.789217 0.000000
vt  0.838013 -0.833670 0.000000
vt  0.838491 -0.864711 0.000000
vt  0.837810 -0.896774 0.000000
vt  0.684498 -0.034529 0.000000
vt  0.683969 -0.046856 0.000000
vt  0.666846 -0.033954 0.000000
vt  0.666701 -0.047431 0.000000
vt  0.660960 -0.033762 0.000000
vt  0.660945 -0.047686 0.000000
vt  0.655182 -0.047431 0.000000
vt  0.655609 -0.064995 0.000000
vt  0.751679 -0.868607 0.000000
vt  0.750468 -0.850149 0.000000
vt  0.749258 -0.831627 0.000000
vt  0.706428 -0.806015 0.000000
vt  0.706812 -0.769737 0.000000
vt  0.706399 -0.708357 0.000000
vt  0.684230 -0.640591 0.000000
vt  0.684984 -0.573592 0.000000
vt  0.666694 -0.510424 0.000000
vt  0.666672 -0.447448 0.000000
vt  0.660699 -0.447512 0.000000
vt  0.666614 -0.337528 0.000000
vt  0.660764 -0.337273 0.000000
vt  0.666317 -0.213620 0.000000
vt  0.660836 -0.213748 0.000000
vt  0.666150 -0.157159 0.000000
vt  0.660873 -0.157223 0.000000
vt  0.660894 -0.124777 0.000000
vt  0.749772 -0.806781 0.000000
vt  0.750577 -0.770758 0.000000
vt  0.749867 -0.709954 0.000000
vt  0.752600 -0.642124 0.000000
vt  0.755333 -0.574358 0.000000
vt  0.754550 -0.510808 0.000000
vt  0.753767 -0.447321 0.000000
vt  0.751969 -0.340913 0.000000
vt  0.746061 -0.212215 0.000000
vt  0.742421 -0.156840 0.000000
vt  0.741660 -0.126310 0.000000
vt  0.707863 -0.641102 0.000000
vt  0.709328 -0.573847 0.000000
vt  0.708907 -0.510616 0.000000
vt  0.708480 -0.447448 0.000000
vt  0.707559 -0.339189 0.000000
vt  0.704666 -0.213109 0.000000
vt  0.703108 -0.157032 0.000000
vt  0.702956 -0.125288 0.000000
vt  0.684788 -0.510488 0.000000
vt  0.684593 -0.447448 0.000000
vt  0.684158 -0.338231 0.000000
vt  0.682751 -0.213429 0.000000
vt  0.681990 -0.157095 0.000000
vt  0.666150 -0.124841 0.000000
vt  0.681925 -0.125033 0.000000
vt  0.660894 -0.124777 0.000000
vt  0.655066 -0.033954 0.000000
vt  0.636942 -0.868799 0.000000
vt  0.521546 -0.107724 0.000000
vt  0.507134 -0.089010 0.000000
vt  0.495448 -0.074959 0.000000
vt  0.515732 -0.136018 0.000000
vt  0.504263 -0.118518 0.000000
vt  0.488952 -0.104147 0.000000
vt  0.508917 -0.195673 0.000000
vt  0.499768 -0.183346 0.000000
vt  0.489793 -0.174532 0.000000
vt  0.498173 -0.337337 0.000000
vt  0.487770 -0.329417 0.000000
vt  0.496252 -0.445341 0.000000
vt  0.746699 -0.946720 0.000000
vt  0.706015 -0.935032 0.000000
vt  0.683230 -0.935479 0.000000
vt  0.666136 -0.935862 0.000000
vt  0.660452 -0.919320 0.000000
vt  0.704804 -0.948189 0.000000
vt  0.682621 -0.948381 0.000000
vt  0.476593 -0.118285 0.000000
vt  0.926333 7.342520 0.000000

vn  -0.000027 -0.003292 -0.014038
vn  -0.006999 -0.000957 -0.012569
vn  -0.000027 -0.013174 -0.005859
vn  -0.008734 -0.010336 -0.004976
vn  -0.008598 -0.011573 0.000160
vn  -0.013988 -0.003493 -0.000172
vn  -0.014072 -0.002767 0.001486
vn  -0.014418 -0.000024 -0.000020
vn  -0.014418 -0.000024 -0.000020
vn  -0.011350 0.005788 -0.006751
vn  -0.014418 -0.000024 -0.000020
vn  -0.010837 0.002664 -0.009130
vn  -0.014418 -0.000024 -0.000020
vn  -0.011024 -0.002886 -0.008834
vn  -0.014418 -0.000024 -0.000020
vn  -0.011253 -0.005956 -0.006767
vn  -0.012817 0.004221 -0.005079
vn  -0.009267 -0.000776 -0.011018
vn  -0.011901 0.002720 -0.007672
vn  -0.013981 -0.003072 -0.001725
vn  -0.014418 -0.000024 -0.000020
vn  -0.010877 0.008526 -0.004111
vn  0.000000 0.009340 -0.010984
vn  0.000054 0.003875 -0.013888
vn  0.000000 -0.004505 -0.013697
vn  0.000027 -0.009552 -0.010801
vn  0.000027 -0.006370 -0.012935
vn  -0.012817 0.004221 -0.005079
vn  -0.014418 -0.000024 -0.000020
vn  -0.010999 0.009237 0.001265
vn  -0.000027 0.013058 -0.006114
vn  0.010843 0.008553 -0.004143
vn  0.011350 0.005788 -0.006751
vn  0.014418 -0.000024 -0.000020
vn  0.014418 -0.000024 -0.000020
vn  0.014072 -0.002767 0.001486
vn  0.013829 -0.002647 0.003106
vn  0.008101 -0.007691 0.009117
vn  0.008889 -0.004178 0.010556
vn  0.000027 -0.005483 0.013335
vn  0.000000 0.001742 0.014313
vn  -0.009267 0.010874 -0.001943
vn  -0.011246 0.007735 0.004647
vn  -0.000027 0.012295 0.007531
vn  0.000054 0.014271 0.002058
vn  0.010999 0.009237 0.001265
vn  0.000000 0.014143 0.002803
vn  0.009303 0.010848 -0.001912
vn  0.011246 0.007735 0.004647
vn  0.014418 -0.000024 -0.000020
vn  0.014418 -0.000024 -0.000020
vn  0.012817 0.004221 -0.005079
vn  0.013981 -0.003072 -0.001725
vn  0.013996 -0.003458 -0.000213
vn  0.011901 0.002720 -0.007672
vn  0.008717 -0.010370 -0.004937
vn  0.008598 -0.011573 0.000160
vn  0.008867 -0.009715 0.005907
vn  0.000027 -0.012181 0.007715
vn  0.000000 -0.009292 0.011025
vn  0.000027 -0.014398 0.000770
vn  -0.000027 -0.013174 -0.005859
vn  0.006956 -0.000936 -0.012595
vn  0.009303 -0.000802 -0.010987
vn  0.011246 -0.005921 -0.006809
vn  0.012817 0.004221 -0.005079
vn  0.014418 -0.000024 -0.000020
vn  0.011901 0.007083 -0.004011
vn  0.013981 0.002233 0.002726
vn  0.006943 0.012572 -0.001273
vn  0.008714 0.006656 0.009363
vn  0.000054 0.014396 0.000805
vn  0.000027 0.008058 0.011957
vn  0.011002 -0.002854 -0.008872
vn  0.014418 -0.000024 -0.000020
vn  0.013996 0.000808 0.003371
vn  0.008582 0.001840 0.011439
vn  0.010871 0.002637 -0.009098
vn  0.014418 -0.000024 -0.000020
vn  0.014072 -0.000985 0.002986
vn  0.000027 -0.014398 0.000770
vn  -0.008825 -0.009737 0.005933
vn  0.000027 -0.012181 0.007715
vn  -0.008101 -0.007691 0.009117
vn  0.000000 -0.009292 0.011025
vn  0.000027 -0.005483 0.013335
vn  -0.008889 -0.004178 0.010556
vn  -0.013829 -0.002647 0.003106
vn  -0.014060 -0.001020 0.003026
vn  -0.013996 0.000808 0.003371
vn  -0.013981 0.002233 0.002726
vn  -0.011901 0.007083 -0.004011
vn  -0.006943 0.012572 -0.001273
vn  -0.008731 0.006689 0.009323
vn  -0.008582 0.001840 0.011439
vn  0.000054 0.014396 0.000805
vn  0.000027 0.008058 0.011957
vn  0.000000 0.001742 0.014313
vn  -0.007810 -0.009285 -0.007791
vn  -0.012559 -0.005460 -0.004510
vn  -0.006833 -0.002209 -0.012503
vn  -0.009823 0.001850 -0.010391
vn  -0.003337 0.003842 -0.013490
vn  -0.005415 0.008272 -0.010495
vn  -0.009267 -0.000776 -0.011018
vn  -0.012817 0.004221 -0.005079
vn  -0.014182 -0.002027 -0.001630
vn  -0.011097 0.004320 -0.008129
vn  -0.004599 0.009046 -0.010242
vn  -0.011901 0.007083 -0.004011
vn  -0.013966 0.002746 0.002304
vn  -0.010866 0.007922 -0.005203
vn  -0.001954 0.010221 -0.009980
vn  -0.006943 0.012572 -0.001273
vn  -0.012741 0.005136 0.004380
vn  -0.009741 0.009770 -0.004191
vn  -0.000871 0.009371 -0.010923
vn  0.000000 0.009244 -0.011065
vn  0.000027 0.007342 -0.012409
vn  0.000871 0.009371 -0.010923
vn  0.002545 0.008302 -0.011510
vn  0.009902 0.009609 -0.004185
vn  0.010366 0.009446 -0.003346
vn  0.012651 0.005298 0.004446
vn  0.013777 0.003257 0.002733
vn  0.012770 0.005128 0.004303
vn  0.009703 0.009795 -0.004221
vn  0.001954 0.010221 -0.009980
vn  0.000027 0.010946 -0.009385
vn  0.000054 0.014396 0.000805
vn  0.012741 0.005171 0.004339
vn  0.010901 0.007895 -0.005171
vn  0.004599 0.009046 -0.010242
vn  0.011901 0.007083 -0.004011
vn  0.012817 0.004221 -0.005079
vn  0.013966 0.002746 0.002304
vn  0.011063 0.004347 -0.008161
vn  0.005415 0.008272 -0.010495
vn  0.009303 -0.000802 -0.010987
vn  0.014182 -0.001992 -0.001671
vn  0.009860 0.001825 -0.010361
vn  0.003337 0.003842 -0.013490
vn  0.000027 -0.006370 -0.012935
vn  0.012560 -0.005425 -0.004552
vn  0.006792 -0.002187 -0.012529
vn  0.000000 -0.005971 -0.013124
vn  -0.000027 0.000017 -0.014418
vn  0.000000 -0.011045 -0.009268
vn  0.007810 -0.009285 -0.007791
vn  -0.012770 0.005093 0.004345
vn  -0.009939 0.009583 -0.004155
vn  -0.002545 0.008302 -0.011510
vn  -0.000027 -0.003292 -0.014038
vn  0.006956 -0.000936 -0.012595
vn  0.011901 0.002720 -0.007672
vn  0.005618 0.008560 -0.010152
vn  0.012817 0.004221 -0.005079
vn  0.006889 0.008498 -0.009392
vn  0.009303 0.010848 -0.001912
vn  0.004958 0.010533 -0.008507
vn  0.000000 0.014143 0.002803
vn  -0.000027 0.013058 -0.006114
vn  -0.004958 0.010533 -0.008507
vn  0.000027 0.014365 0.001244
vn  -0.009118 0.011167 -0.000226
vn  -0.010726 0.007346 0.006235
vn  -0.011214 0.007712 -0.004761
vn  -0.013777 0.003222 0.002774
vn  -0.010366 0.009446 -0.003346
vn  -0.012651 0.005298 0.004446
vn  0.009118 0.011167 -0.000226
vn  0.011214 0.007712 -0.004761
vn  0.010726 0.007381 0.006193
vn  0.000000 0.011045 0.009268
vn  -0.006999 -0.000957 -0.012569
vn  -0.011901 0.002720 -0.007672
vn  -0.005618 0.008560 -0.010152
vn  -0.012817 0.004221 -0.005079
vn  -0.006889 0.008498 -0.009392
vn  -0.009267 0.010874 -0.001943
vn  0.006943 0.012572 -0.001273
vn  -0.000027 -0.014396 -0.000805
vn  -0.009605 -0.010299 0.003094
vn  -0.000027 -0.003292 -0.014038
vn  -0.009605 0.001258 -0.010680
vn  0.000000 0.009244 -0.011065
vn  0.000000 0.009244 -0.011065
vn  0.000000 0.009244 -0.011065
vn  0.000000 0.009244 -0.011065
vn  0.000000 0.009244 -0.011065
vn  0.003507 0.013789 -0.002338
vn  0.000027 0.014218 -0.002397
vn  0.005174 0.010310 0.008651
vn  0.000000 0.011045 0.009268
vn  0.003830 0.013857 -0.001092
vn  0.000027 0.014415 -0.000329
vn  0.000000 0.009244 -0.011065
vn  -0.003830 0.013857 -0.001092
vn  0.000000 0.009244 -0.011065
vn  -0.005292 0.013250 -0.002080
vn  0.000000 0.009292 -0.011025
vn  -0.008923 0.011000 -0.002695
vn  -0.010386 0.007737 -0.006337
vn  -0.011488 0.006639 0.005642
vn  -0.014193 0.001909 0.001673
vn  -0.006962 0.011409 -0.005410
vn  -0.009670 0.008108 -0.006974
vn  0.010093 0.005996 -0.008370
vn  0.010263 0.006040 -0.008129
vn  0.010093 -0.007202 0.007359
vn  0.010263 -0.006957 0.007360
vn  -0.010223 -0.007341 0.007035
vn  -0.010223 0.005653 -0.008451
vn  0.000000 0.009244 -0.011065
vn  0.005172 0.013257 -0.002323
vn  0.007435 0.009463 0.007941
vn  0.005292 0.013250 -0.002080
vn  0.000000 0.009244 -0.011065
vn  0.000000 0.009244 -0.011065
vn  0.000000 0.009244 -0.011065
vn  0.000000 0.009292 -0.011025
vn  -0.010188 0.006959 -0.007461
vn  -0.014397 0.000568 0.000548
vn  -0.010188 0.006959 -0.007461
vn  0.010192 0.006286 -0.008031
vn  0.010192 -0.006817 0.007585
vn  0.000000 0.009292 -0.011025
vn  0.000000 0.009244 -0.011065
vn  -0.000027 -0.000612 -0.014405
vn  0.002900 -0.000103 -0.014123
vn  0.005770 0.001032 -0.013173
vn  -0.004778 -0.003476 -0.013152
vn  -0.005641 -0.010200 -0.008488
vn  -0.001115 0.007151 -0.012471
vn  0.010348 0.006478 -0.007671
vn  0.010348 -0.006430 0.007711
vn  0.010425 0.007985 -0.005954
vn  0.010425 -0.004477 0.008898
vn  0.008573 0.011279 -0.002682
vn  0.008573 -0.000682 0.011573
vn  0.003414 0.014000 -0.000497
vn  0.003414 0.001941 0.013873
vn  0.000027 0.014378 -0.001084
vn  0.000027 0.001429 0.014347
vn  -0.003414 0.014000 -0.000497
vn  -0.003414 0.001941 0.013873
vn  -0.008573 0.011279 -0.002682
vn  -0.008573 -0.000682 0.011573
vn  -0.010425 0.007985 -0.005954
vn  -0.010425 -0.004477 0.008898
vn  -0.010348 -0.006430 0.007711
vn  -0.010348 0.006478 -0.007671
vn  0.008875 0.008749 -0.007252
vn  0.001061 0.007153 -0.012474
vn  -0.006466 -0.000299 -0.012884
vn  0.005641 -0.010165 -0.008529
vn  -0.008688 -0.008815 -0.007397
vn  0.004731 -0.003458 -0.013174
vn  -0.005722 0.001049 -0.013193
vn  0.010188 0.006959 -0.007461
vn  0.000000 0.009292 -0.011025
vn  0.010423 0.007711 -0.006307
vn  0.008884 0.011024 -0.002724
vn  0.011488 0.006674 0.005600
vn  0.007008 0.011390 -0.005388
vn  0.006566 0.012060 -0.004395
vn  -0.003257 -0.001584 -0.013956
vn  -0.004342 -0.010533 -0.008838
vn  -0.002900 -0.000103 -0.014123
vn  0.002749 0.013895 -0.002695
vn  0.000000 -0.001867 -0.014297
vn  0.000000 -0.011045 -0.009268
vn  0.002749 -0.000241 0.014152
vn  0.000027 0.014331 -0.001586
vn  -0.002749 0.013895 -0.002695
vn  0.003257 -0.001584 -0.013956
vn  -0.006520 0.012078 -0.004416
vn  0.006466 -0.000299 -0.012884
vn  -0.008875 0.008749 -0.007252
vn  0.004342 -0.010533 -0.008838
vn  0.008688 -0.008815 -0.007397
vn  -0.010209 -0.007128 0.007270
vn  -0.010209 0.005922 -0.008282
vn  -0.010132 -0.007177 0.007329
vn  -0.010132 0.005972 -0.008341
vn  0.009670 0.008108 -0.006974
vn  0.014193 0.001944 0.001632
vn  -0.010263 -0.006957 0.007360
vn  -0.010263 0.006040 -0.008129
vn  0.010188 0.006959 -0.007461
vn  0.014397 0.000603 0.000506
vn  -0.010192 0.006286 -0.008031
vn  -0.010192 -0.006817 0.007585
vn  0.000027 0.000927 0.014389
vn  -0.002749 -0.000241 0.014152
vn  -0.006520 -0.002252 0.012662
vn  -0.008875 -0.005622 0.009875
vn  -0.009435 -0.008407 0.006942
vn  -0.009435 0.005377 -0.009485
vn  -0.007252 0.002979 -0.012100
vn  -0.007252 -0.011399 0.005035
vn  -0.002907 0.000725 -0.014104
vn  -0.002907 -0.013764 0.003163
vn  0.000000 -0.001178 -0.014370
vn  0.002907 0.000725 -0.014104
vn  0.007252 0.002979 -0.012100
vn  0.009475 0.005353 -0.009458
vn  0.009475 -0.008384 0.006914
vn  0.008875 -0.005622 0.009875
vn  0.002907 -0.013764 0.003163
vn  0.007252 -0.011399 0.005035
vn  0.000000 -0.014356 0.001335
vn  0.006566 -0.002234 0.012640
vn  -0.007435 0.009428 0.007982
vn  -0.005174 0.010310 0.008651
vn  -0.005221 0.013241 -0.002304
vn  -0.003456 0.013799 -0.002351
vn  0.000000 0.009244 -0.011065
vn  0.000000 0.009244 -0.011065
vn  0.000000 0.009244 -0.011065
vn  0.000000 0.009244 -0.011065
vn  0.009605 0.001258 -0.010680
vn  0.000000 0.009244 -0.011065
vn  0.010247 0.005897 -0.008253
vn  0.010247 -0.007103 0.007241
vn  0.010223 -0.007341 0.007035
vn  0.010223 0.005653 -0.008451
vn  0.009605 -0.010299 0.003094
vn  0.010093 -0.007202 0.007359
vn  -0.000027 -0.013783 0.004235
vn  0.010247 -0.007103 0.007241
vn  -0.006839 -0.010779 0.006702
vn  0.010223 -0.007341 0.007035
vn  -0.006776 -0.004752 0.011807
vn  0.009605 -0.010299 0.003094
vn  0.000054 -0.001777 0.014308
vn  -0.000027 -0.014396 -0.000805
vn  -0.009605 -0.010299 0.003094
vn  0.000000 -0.009292 0.011025
vn  0.010263 -0.006957 0.007360
vn  0.000000 -0.009292 0.011025
vn  -0.002749 -0.000241 0.014152
vn  0.000027 0.000927 0.014389
vn  -0.010132 -0.007177 0.007329
vn  -0.010209 -0.007128 0.007270
vn  0.006792 -0.010797 0.006723
vn  -0.010223 -0.007341 0.007035
vn  0.006776 -0.004752 0.011807
vn  -0.010263 -0.006957 0.007360
vn  0.002749 -0.000241 0.014152
vn  -0.010192 -0.006817 0.007585
vn  0.006566 -0.002234 0.012640
vn  0.008875 -0.005622 0.009875
vn  -0.010348 -0.006430 0.007711
vn  -0.010425 -0.004477 0.008898
vn  0.009475 -0.008384 0.006914
vn  -0.008573 -0.000682 0.011573
vn  0.007252 -0.011399 0.005035
vn  -0.003414 0.001941 0.013873
vn  0.002907 -0.013764 0.003163
vn  0.000027 0.001429 0.014347
vn  0.000000 -0.014356 0.001335
vn  -0.002907 -0.013764 0.003163
vn  0.003414 0.001941 0.013873
vn  -0.007252 -0.011399 0.005035
vn  0.008573 -0.000682 0.011573
vn  -0.009435 -0.008407 0.006942
vn  0.010425 -0.004477 0.008898
vn  -0.008875 -0.005622 0.009875
vn  0.010348 -0.006430 0.007711
vn  0.010192 -0.006817 0.007585
vn  -0.006520 -0.002252 0.012662
vn  -0.006776 -0.004752 0.011807
vn  -0.006839 -0.010779 0.006702
vn  -0.012497 0.005474 0.004664
vn  -0.012497 -0.005509 -0.004622
vn  -0.006776 0.010802 -0.006730
vn  -0.006839 0.004729 -0.011780
vn  0.000000 0.009244 -0.011065
vn  -0.000027 -0.013783 0.004235
vn  0.000000 -0.011045 -0.009268
vn  -0.000027 0.001777 -0.014309
vn  0.006792 0.004746 -0.011800
vn  0.006776 0.010802 -0.006730
vn  0.000000 0.009244 -0.011065
vn  0.000054 0.013782 -0.004235
vn  0.000000 0.009244 -0.011065
vn  0.000000 0.009244 -0.011065
vn  0.000000 0.009244 -0.011065
vn  0.012497 -0.005509 -0.004622
vn  0.012497 0.005509 0.004622
vn  0.000000 0.011045 0.009268
vn  0.006792 -0.010797 0.006723
vn  0.006776 -0.004752 0.011807
vn  0.000054 -0.001777 0.014308
vn  0.000973 0.008613 -0.004988
vn  -0.000019 0.008678 -0.004968
vn  0.001412 0.009253 -0.003519
vn  0.001627 0.009168 -0.003646
vn  0.001940 0.009562 -0.002192
vn  0.001714 0.009587 -0.002270
vn  0.005485 0.008286 0.001122
vn  0.000474 0.009914 0.001218
vn  0.006655 0.007246 0.001790
vn  -0.000985 0.009681 0.002305
vn  0.006308 0.007654 0.001274
vn  -0.001759 0.009702 0.001666
vn  0.006259 0.007738 0.000976
vn  -0.002076 0.009702 0.001249
vn  -0.001874 0.009816 0.000373
vn  0.010000 0.000022 0.000000
vn  0.010000 0.000022 0.000000
vn  0.010000 0.000022 0.000000
vn  0.010000 0.000022 0.000000
vn  0.006122 0.007901 0.000301
vn  0.010000 0.000022 0.000000
vn  0.006506 0.007541 -0.000902
vn  0.010000 0.000022 0.000000
vn  0.006647 0.007216 -0.001934
vn  0.010000 0.000022 0.000000
vn  0.007260 0.006844 -0.000677
vn  0.010000 0.000022 0.000000
vn  0.006635 0.007246 0.001862
vn  0.010000 0.000022 0.000000
vn  0.005998 0.007874 0.001419
vn  0.010000 0.000022 0.000000
vn  0.006431 0.007654 0.000226
vn  0.010000 0.000022 0.000000
vn  0.005872 0.007765 -0.002284
vn  0.010000 0.000022 0.000000
vn  0.006372 0.005725 -0.005160
vn  0.010000 0.000022 0.000000
vn  0.006780 0.004720 -0.005635
vn  0.010000 0.000022 0.000000
vn  -0.000668 0.009635 -0.002591
vn  -0.001209 0.009870 -0.001063
vn  -0.002015 0.009523 0.002294
vn  -0.002277 0.009562 0.001840
vn  -0.002055 0.009781 0.000335
vn  -0.002007 0.009380 -0.002826
vn  -0.002044 0.007156 -0.006680
vn  -0.001081 0.009877 -0.001134
vn  0.003662 0.004487 -0.008152
vn  0.000038 0.002990 -0.009542
vn  -0.001147 0.004797 -0.008699
vn  -0.000075 0.003074 -0.009516
vn  -0.001741 0.005287 -0.008307
vn  -0.000321 0.003404 -0.009397
vn  -0.001666 0.006112 -0.007737
vn  -0.000321 0.004013 -0.009154
vn  -0.000452 0.004949 -0.008677
vn  -0.000698 -0.002231 -0.009723
vn  -0.001373 -0.003115 -0.009403
vn  0.000038 -0.001242 -0.009922
vn  0.000094 -0.001329 -0.009911
vn  0.000076 -0.001674 -0.009859
vn  0.000076 -0.002189 -0.009757
vn  -0.000057 -0.001329 -0.009911
vn  0.000075 0.003074 -0.009516
vn  -0.000076 -0.001674 -0.009859
vn  0.000283 0.003404 -0.009398
vn  -0.000076 -0.002189 -0.009757
vn  0.000283 0.004013 -0.009155
vn  0.000660 -0.002231 -0.009725
vn  0.000452 0.004949 -0.008677
vn  0.001410 -0.003115 -0.009397
vn  0.001201 0.006351 -0.007630
vn  0.007878 -0.002274 -0.005724
vn  0.006486 0.006112 -0.004535
vn  0.009871 -0.000284 0.001579
vn  0.007835 0.005903 0.001943
vn  0.009919 0.000415 0.001204
vn  0.006463 0.007483 0.001495
vn  0.009990 0.000022 0.000453
vn  0.006566 0.007512 0.000677
vn  0.009885 -0.001415 0.000528
vn  0.007693 0.006385 0.000226
vn  0.009629 -0.002697 0.000000
vn  0.008046 0.005938 0.000000
vn  0.009765 -0.002018 -0.000754
vn  0.008272 0.005617 -0.000151
vn  0.009973 -0.000633 -0.000377
vn  0.008438 0.005361 -0.000226
vn  0.009998 -0.000197 -0.000076
vn  0.008483 0.005287 -0.000302
vn  0.009996 -0.000284 0.000000
vn  0.008662 0.004987 -0.000302
vn  0.009989 -0.000284 0.000377
vn  0.008753 0.004835 0.000075
vn  0.009992 -0.000153 0.000377
vn  0.009442 0.003281 -0.000302
vn  0.009920 -0.000371 0.001205
vn  0.009766 0.002146 -0.000151
vn  0.009547 -0.000066 0.002975
vn  0.009296 0.002528 0.002683
vn  0.005627 -0.000938 0.008213
vn  0.004967 0.004330 0.007522
vn  0.000943 -0.002061 0.009740
vn  -0.000396 0.004526 0.008908
vn  0.000547 -0.002103 0.009761
vn  -0.000886 0.003032 0.009488
vn  -0.000472 0.003650 0.009298
vn  -0.002344 0.009713 0.000411
vn  -0.001353 0.009902 0.000334
vn  -0.001144 0.006907 -0.007140
vn  -0.000170 0.007001 -0.007138
vn  -0.000019 0.008678 -0.004968
vn  0.000973 0.008613 -0.004988
vn  0.001630 0.006112 -0.007745
vn  0.001421 0.007277 -0.006711
vn  0.000971 0.008927 -0.004401
vn  0.003329 0.009425 -0.000301
vn  0.003253 0.009023 0.002828
vn  0.002253 0.009549 0.001934
vn  0.001974 0.009799 0.000299
vn  0.002904 0.009562 -0.000374
vn  0.003831 0.009237 -0.000075
vn  0.004695 0.008826 0.000226
vn  0.005304 0.008476 -0.000150
vn  0.005574 0.008286 -0.000527
vn  0.005675 0.008212 -0.000602
vn  0.005375 0.008430 -0.000226
vn  0.006004 0.007928 -0.001050
vn  0.007674 0.005617 -0.003092
vn  0.007272 0.006715 -0.001425
vn  0.002308 0.009496 0.002122
vn  -0.002076 0.009702 0.001249
vn  -0.003453 0.009380 0.000300
vn  -0.001443 0.006585 -0.007387
vn  -0.001084 0.008568 -0.005042
vn  0.002603 0.006715 -0.006938
vn  0.002444 0.007569 -0.006061
vn  0.001528 0.009334 -0.003247
vn  0.001616 0.009781 0.001313
vn  0.002156 0.009151 0.003408
vn  0.002363 0.009482 0.002124
vn  0.001974 0.009799 0.000299
vn  0.001389 0.009890 -0.000510
vn  0.002276 0.009733 -0.000300
vn  0.003707 0.009286 0.000150
vn  0.004462 0.008946 -0.000226
vn  0.004807 0.008743 -0.000676
vn  0.004768 0.008764 -0.000675
vn  0.003990 0.009168 -0.000151
vn  0.003911 0.009061 -0.001615
vn  0.004891 0.007186 -0.004944
vn  0.004397 0.007955 -0.004170
vn  0.000391 0.009743 -0.002218
vn  -0.002904 0.008430 -0.004528
vn  -0.002832 0.006650 -0.006911
vn  -0.001196 0.008522 -0.005093
vn  -0.001354 0.009395 -0.003146
vn  -0.001447 0.009253 -0.003505
vn  -0.001714 0.009587 -0.002270
vn  -0.002922 0.008237 -0.004860
vn  -0.003863 0.008187 -0.004249
vn  -0.000891 0.009439 -0.003179
vn  0.001739 0.008358 -0.005207
vn  0.002256 0.008085 -0.005435
vn  0.002562 0.009587 -0.001234
vn  0.003894 0.009203 0.000375
vn  0.005412 0.008406 -0.000226
vn  0.006187 0.007847 -0.000376
vn  0.006431 0.007654 -0.000226
vn  0.006023 0.007981 -0.000151
vn  0.005090 0.008568 -0.000825
vn  0.004286 0.008966 -0.001116
vn  0.005283 0.008406 -0.001195
vn  0.005554 0.008310 0.000301
vn  0.005195 0.008310 0.001989
vn  0.004822 0.008721 0.000825
vn  0.003301 0.009097 -0.002519
vn  0.004057 0.007793 -0.004776
vn  0.003026 0.007156 -0.006296
vn  0.002752 0.007063 -0.006522
vn  0.002818 0.006385 -0.007162
vn  0.002044 0.007156 -0.006680
vn  0.002011 0.006351 -0.007458
vn  0.006051 0.007820 -0.001492
vn  0.006794 0.007306 0.000677
vn  0.006568 0.007541 -0.000075
vn  0.005617 0.008187 -0.001196
vn  0.005437 0.008187 -0.001850
vn  0.005747 0.008033 -0.001563
vn  0.006210 0.007820 -0.000527
vn  0.005951 0.008033 0.000226
vn  0.005471 0.008358 0.000451
vn  0.004483 0.008907 0.000750
vn  0.002574 0.009575 0.001305
vn  0.000325 0.009958 -0.000857
vn  -0.001569 0.008785 -0.004513
vn  -0.003111 0.008059 -0.005037
vn  0.004109 0.009097 0.000599
vn  0.003789 0.009168 0.001259
vn  0.002624 0.009587 0.001097
vn  0.001821 0.009733 -0.001397
vn  0.002258 0.009454 -0.002351
vn  0.002764 0.009587 -0.000669
vn  0.002965 0.009536 0.000523
vn  0.002810 0.009549 0.000960
vn  0.002305 0.009635 0.001360
vn  0.001212 0.009733 0.001949
vn  -0.000413 0.009990 0.000142
vn  -0.001860 0.009350 -0.003021
vn  -0.002753 0.008966 -0.003469
vn  0.002396 0.009647 0.001094
vn  0.001829 0.009713 0.001523
vn  0.001068 0.009702 0.002174
vn  -0.000458 0.009958 0.000794
vn  -0.001486 0.009575 -0.002474
vn  0.002456 0.009624 0.001165
vn  0.001883 0.009691 0.001591
vn  0.000985 0.009681 0.002305
vn  -0.000474 0.009914 0.001218
vn  0.002366 0.009702 0.000521
vn  0.001365 0.009870 -0.000853
vn  0.000652 0.009624 -0.002639
vn  0.001445 0.009832 -0.001115
vn  0.002479 0.009681 0.000374
vn  0.001192 0.009840 -0.001324
vn  0.002205 0.009523 0.002112
vn  0.002597 0.009482 0.001831
vn  0.001986 0.009523 0.002318
vn  0.001233 0.009870 -0.001035
vn  0.000741 0.009635 -0.002571
vn  0.002279 0.009723 0.000520
vn  0.002388 0.009286 -0.002840
vn  0.003717 0.008907 -0.002617
vn  0.001778 0.005287 -0.008300
vn  0.001184 0.004797 -0.008694
vn  -0.003607 0.004526 -0.008155
vn  0.000622 -0.002146 0.009747
vn  -0.000302 0.003852 0.009223
vn  0.000604 -0.002189 0.009739
vn  -0.000189 0.003690 0.009292
vn  -0.000057 -0.002316 0.009728
vn  -0.000735 -0.002146 0.009739
vn  -0.000325 0.009984 0.000466
vn  -0.000038 0.003933 0.009194
vn  -0.000773 -0.002018 0.009764
vn  0.000828 0.007032 -0.007061
vn  0.000795 0.009962 0.000359
vn  0.001256 0.006907 -0.007122
vn  0.001750 0.009832 0.000517
vn  0.003307 0.006812 -0.006532
vn  0.004003 0.009133 0.000748
vn  0.003109 0.008286 -0.004657
vn  0.002644 0.009536 0.001440
vn  -0.000581 0.009270 -0.003706
vn  -0.002747 0.009496 0.001513
vn  -0.003719 0.007765 -0.005086
vn  -0.007220 0.006683 -0.001792
vn  -0.004507 0.007483 -0.004867
vn  -0.007554 0.005761 -0.003124
vn  -0.003926 0.009061 -0.001580
vn  -0.006004 0.007928 -0.001050
vn  -0.003991 0.009168 -0.000113
vn  -0.005376 0.008430 -0.000188
vn  -0.004768 0.008764 -0.000675
vn  -0.005675 0.008212 -0.000602
vn  -0.004812 0.008743 -0.000638
vn  -0.005570 0.008286 -0.000564
vn  -0.004460 0.008946 -0.000263
vn  -0.005305 0.008476 -0.000113
vn  -0.003707 0.009286 0.000150
vn  -0.004695 0.008826 0.000226
vn  -0.002276 0.009733 -0.000300
vn  -0.003831 0.009237 -0.000075
vn  -0.001376 0.009890 -0.000545
vn  -0.002899 0.009562 -0.000412
vn  -0.001968 0.009799 0.000336
vn  -0.001979 0.009799 0.000262
vn  -0.002363 0.009482 0.002124
vn  -0.002253 0.009549 0.001934
vn  -0.002124 0.009151 0.003428
vn  -0.003253 0.009023 0.002828
vn  -0.001592 0.009781 0.001341
vn  -0.003325 0.009425 -0.000338
vn  -0.001528 0.009334 -0.003247
vn  -0.000971 0.008927 -0.004401
vn  -0.002409 0.007569 -0.006075
vn  -0.001421 0.007277 -0.006711
vn  -0.002638 0.006715 -0.006924
vn  -0.002853 0.006385 -0.007148
vn  -0.002011 0.006351 -0.007458
vn  0.001138 0.008635 -0.004914
vn  0.003118 0.008187 -0.004823
vn  0.003486 0.008059 -0.004785
vn  0.000244 0.008946 -0.004461
vn  -0.001635 0.008111 -0.005616
vn  -0.002129 0.008310 -0.005139
vn  -0.002562 0.009587 -0.001234
vn  -0.003898 0.009203 0.000338
vn  -0.005412 0.008406 -0.000226
vn  -0.006225 0.007820 -0.000301
vn  -0.006466 0.007626 -0.000188
vn  -0.006057 0.007955 -0.000188
vn  -0.005090 0.008568 -0.000825
vn  -0.004286 0.008966 -0.001116
vn  -0.005283 0.008406 -0.001195
vn  -0.005554 0.008310 0.000301
vn  -0.005195 0.008310 0.001989
vn  -0.004822 0.008721 0.000825
vn  -0.003278 0.009097 -0.002549
vn  -0.004057 0.007793 -0.004776
vn  -0.003026 0.007156 -0.006296
vn  -0.002752 0.007063 -0.006522
vn  -0.002044 0.007156 -0.006680
vn  0.002741 0.008007 -0.005326
vn  0.001514 0.008867 -0.004368
vn  -0.000325 0.009958 -0.000857
vn  -0.002591 0.009575 0.001271
vn  -0.004517 0.008887 0.000786
vn  -0.005610 0.008261 0.000527
vn  -0.006127 0.007901 0.000188
vn  -0.006306 0.007738 -0.000602
vn  -0.005792 0.008007 -0.001529
vn  -0.005449 0.008187 -0.001814
vn  -0.005609 0.008187 -0.001233
vn  -0.006568 0.007541 -0.000038
vn  -0.006798 0.007306 0.000640
vn  -0.006051 0.007820 -0.001492
vn  0.002842 0.008887 -0.003598
vn  0.001860 0.009350 -0.003021
vn  0.000413 0.009990 0.000142
vn  -0.001212 0.009733 0.001949
vn  -0.002332 0.009624 0.001397
vn  -0.002758 0.009549 0.001102
vn  -0.002831 0.009575 0.000561
vn  -0.002681 0.009599 -0.000816
vn  -0.002198 0.009439 -0.002463
vn  -0.001821 0.009733 -0.001397
vn  -0.002624 0.009587 0.001097
vn  -0.003777 0.009168 0.001295
vn  -0.004103 0.009097 0.000637
vn  -0.003739 0.008907 -0.002586
vn  -0.001999 0.009723 0.001212
vn  -0.001754 0.009713 0.001608
vn  -0.001034 0.009702 0.002191
vn  0.000458 0.009958 0.000794
vn  0.001518 0.009575 -0.002454
vn  0.001354 0.009395 -0.003146
vn  0.001412 0.009253 -0.003519
vn  0.001714 0.009587 -0.002270
vn  0.000474 0.009914 0.001218
vn  -0.000985 0.009681 0.002305
vn  -0.001759 0.009702 0.001666
vn  -0.002076 0.009702 0.001249
vn  -0.001784 0.009824 0.000552
vn  -0.000992 0.009902 -0.000979
vn  -0.001874 0.009816 0.000373
vn  -0.001081 0.009877 -0.001134
vn  -0.000542 0.009624 -0.002664
vn  -0.001192 0.009840 -0.001324
vn  -0.002230 0.009523 0.002084
vn  -0.002597 0.009482 0.001831
vn  -0.002279 0.009723 0.000520
vn  -0.002388 0.009286 -0.002840
vn  -0.000668 0.009635 -0.002591
vn  -0.001209 0.009870 -0.001063
vn  -0.002015 0.009523 0.002294
vn  -0.002277 0.009562 0.001840
vn  -0.002055 0.009781 0.000335
vn  -0.002007 0.009380 -0.002826
vn  0.000151 0.003852 0.009227
vn  -0.000585 -0.001889 0.009802
vn  0.000960 0.003281 0.009398
vn  0.000509 0.004409 0.008961
vn  -0.000830 -0.001932 0.009776
vn  -0.004845 0.004172 0.007689
vn  -0.005535 -0.000895 0.008280
vn  -0.009329 0.002444 0.002646
vn  -0.009547 -0.000066 0.002975
vn  -0.009765 0.002146 -0.000189
vn  -0.009920 -0.000371 0.001205
vn  -0.009440 0.003281 -0.000339
vn  -0.009992 -0.000153 0.000377
vn  -0.008753 0.004835 0.000113
vn  -0.009989 -0.000284 0.000377
vn  -0.008662 0.004987 -0.000302
vn  -0.009996 -0.000284 0.000000
vn  -0.008481 0.005287 -0.000339
vn  -0.009998 -0.000197 -0.000076
vn  -0.008437 0.005361 -0.000264
vn  -0.009974 -0.000633 -0.000339
vn  -0.008273 0.005617 -0.000113
vn  -0.009762 -0.002018 -0.000792
vn  -0.008046 0.005938 0.000000
vn  -0.009629 -0.002697 0.000038
vn  -0.007694 0.006385 0.000189
vn  -0.009885 -0.001415 0.000528
vn  -0.006566 0.007512 0.000677
vn  -0.009990 0.000022 0.000453
vn  -0.006472 0.007483 0.001458
vn  -0.009919 0.000415 0.001204
vn  -0.007835 0.005903 0.001943
vn  -0.009871 -0.000284 0.001579
vn  -0.006508 0.006112 -0.004504
vn  -0.007878 -0.002274 -0.005724
vn  -0.001201 0.006351 -0.007630
vn  0.010000 0.000022 0.000000
vn  0.003662 0.004487 -0.008152
vn  0.010000 0.000022 0.000000
vn  0.006780 0.004720 -0.005635
vn  -0.001147 0.004797 -0.008699
vn  -0.002011 0.006351 -0.007458
vn  0.002007 0.009380 -0.002826
vn  0.002061 0.009781 0.000298
vn  0.002253 0.009562 0.001869
vn  -0.010000 0.000022 0.000000
vn  -0.005493 0.008286 0.001085
vn  -0.010000 0.000022 0.000000
vn  -0.006655 0.007246 0.001790
vn  -0.010000 0.000022 0.000000
vn  -0.006274 0.007682 0.001272
vn  -0.010000 0.000022 0.000000
vn  -0.006086 0.007874 0.000975
vn  -0.010000 0.000022 0.000000
vn  -0.005879 0.008085 0.000263
vn  -0.010000 0.000022 0.000000
vn  -0.006338 0.007682 -0.000901
vn  -0.010000 0.000022 0.000000
vn  -0.006582 0.007277 -0.001933
vn  -0.010000 0.000022 0.000000
vn  -0.007260 0.006844 -0.000677
vn  -0.010000 0.000022 0.000000
vn  -0.006635 0.007246 0.001862
vn  -0.010000 0.000022 0.000000
vn  -0.005998 0.007874 0.001419
vn  -0.010000 0.000022 0.000000
vn  -0.006431 0.007654 0.000226
vn  -0.010000 0.000022 0.000000
vn  -0.005885 0.007765 -0.002249
vn  -0.010000 0.000022 0.000000
vn  -0.006395 0.005725 -0.005131
vn  -0.010000 0.000022 0.000000
vn  -0.006780 0.004720 -0.005635
vn  0.002253 0.009562 0.001869
vn  0.002061 0.009781 0.000298
vn  0.002007 0.009380 -0.002826
vn  0.002044 0.007156 -0.006680
vn  0.002011 0.006351 -0.007458
vn  0.001986 0.009523 0.002318
vn  0.001233 0.009870 -0.001035
vn  0.000741 0.009635 -0.002571
vn  0.001445 0.009832 -0.001115
vn  0.002479 0.009681 0.000374
vn  0.002456 0.009624 0.001165
vn  0.001883 0.009691 0.001591
vn  0.000985 0.009681 0.002305
vn  -0.000474 0.009914 0.001218
vn  -0.001714 0.009587 -0.002270
vn  -0.001912 0.009562 -0.002217
vn  -0.001447 0.009253 -0.003505
vn  -0.001662 0.009168 -0.003630
vn  -0.001084 0.008568 -0.005042
vn  -0.002011 0.006351 -0.007458
vn  -0.010000 0.000022 0.000000
vn  -0.006780 0.004720 -0.005635
vn  -0.010000 0.000022 0.000000
vn  -0.003607 0.004526 -0.008155
vn  0.001184 0.004797 -0.008694
vn  0.002011 0.006351 -0.007458
vn  0.009989 -0.000284 0.000377
vn  0.009357 -0.003527 0.000076
vn  0.009996 -0.000284 0.000000
vn  0.009357 -0.003527 0.000000
vn  0.009998 -0.000197 -0.000076
vn  0.009234 -0.003812 -0.000453
vn  0.009973 -0.000633 -0.000377
vn  0.009159 -0.003892 -0.000980
vn  0.009765 -0.002018 -0.000754
vn  0.009088 -0.004172 0.000000
vn  0.009629 -0.002697 0.000000
vn  0.008629 -0.005025 0.000529
vn  0.009885 -0.001415 0.000528
vn  0.008708 -0.004911 0.000226
vn  0.009990 0.000022 0.000453
vn  0.008775 -0.004758 0.000603
vn  0.009919 0.000415 0.001204
vn  0.008321 -0.005471 0.000905
vn  0.009871 -0.000284 0.001579
vn  0.005634 -0.008033 -0.001930
vn  0.007878 -0.002274 -0.005724
vn  0.001032 -0.008522 -0.005129
vn  0.001410 -0.003115 -0.009397
vn  0.000867 -0.007454 -0.006610
vn  0.000660 -0.002231 -0.009725
vn  0.000151 -0.006552 -0.007553
vn  -0.000076 -0.002189 -0.009757
vn  -0.000076 -0.001674 -0.009859
vn  0.007410 -0.006715 0.000076
vn  0.007797 -0.006250 -0.000378
vn  0.008671 -0.004911 -0.000829
vn  0.009032 -0.004291 -0.000076
vn  0.008270 -0.005617 0.000227
vn  0.007290 -0.006844 -0.000151
vn  0.006627 -0.007483 -0.000302
vn  0.005550 -0.008310 -0.000378
vn  0.003532 -0.009203 -0.001683
vn  0.001428 -0.008985 -0.004151
vn  0.001217 -0.008476 -0.005164
vn  0.000302 -0.008261 -0.005627
vn  0.000132 -0.006284 -0.007778
vn  -0.000057 -0.001329 -0.009911
vn  0.002924 -0.009562 -0.000151
vn  0.003329 -0.009425 -0.000302
vn  0.003548 -0.009350 0.000000
vn  0.003831 -0.009237 0.000076
vn  0.003528 -0.009350 -0.000377
vn  0.003220 -0.009425 -0.000895
vn  0.003300 -0.009365 -0.001188
vn  0.002550 -0.009454 -0.002030
vn  0.002046 -0.009237 -0.003240
vn  0.001259 -0.009270 -0.003533
vn  0.000302 -0.009380 -0.003453
vn  0.000264 -0.009425 -0.003332
vn  0.000302 -0.008161 -0.005771
vn  0.000340 -0.008111 -0.005840
vn  0.000189 -0.006112 -0.007912
vn  -0.000019 -0.006043 -0.007968
vn  0.000038 -0.001242 -0.009922
vn  0.000094 -0.001329 -0.009911
vn  0.001441 -0.009713 -0.001894
vn  0.000983 -0.009930 -0.000648
vn  0.000446 -0.009981 -0.000418
vn  0.000167 -0.009998 -0.000140
vn  0.000044 -0.010000 0.000000
vn  0.000000 -0.010000 0.000000
vn  0.000000 -0.010000 0.000000
vn  0.000000 -0.010000 0.000000
vn  0.000000 -0.010000 0.000000
vn  0.002718 -0.009624 0.000000
vn  0.000000 -0.010000 0.000000
vn  0.002759 -0.009612 0.000076
vn  0.000000 -0.010000 0.000000
vn  0.002927 -0.009562 0.000076
vn  0.000000 -0.010000 0.000000
vn  0.003052 -0.009523 0.000076
vn  0.000000 -0.010000 0.000000
vn  0.003211 -0.009468 0.000227
vn  0.000164 -0.009995 0.000258
vn  0.002831 -0.009509 0.001249
vn  0.000490 -0.009220 0.003841
vn  0.001970 -0.008966 0.003966
vn  0.000717 -0.006585 0.007492
vn  0.005089 -0.006351 0.005810
vn  0.001149 -0.004720 0.008741
vn  0.006586 -0.003281 0.006773
vn  0.000943 -0.002061 0.009740
vn  0.005627 -0.000938 0.008213
vn  0.000547 -0.002103 0.009761
vn  0.000641 -0.005725 0.008174
vn  -0.000189 -0.007277 0.006857
vn  -0.000621 -0.009253 0.003740
vn  -0.000254 -0.009994 0.000240
vn  0.000000 -0.010000 0.000000
vn  0.000000 -0.010000 0.000000
vn  0.000000 -0.010000 0.000000
vn  0.000000 -0.010000 0.000000
vn  0.000000 -0.010000 0.000000
vn  0.000000 -0.010000 0.000000
vn  0.000000 -0.010000 0.000000
vn  0.000000 -0.010000 0.000000
vn  0.000000 -0.010000 0.000000
vn  0.000000 -0.010000 0.000000
vn  0.000000 -0.010000 0.000000
vn  0.000000 -0.010000 0.000000
vn  0.000132 -0.009890 -0.001474
vn  0.000622 -0.002146 0.009747
vn  0.000566 -0.006585 0.007505
vn  -0.000604 -0.008059 0.005889
vn  -0.001336 -0.009186 0.003720
vn  -0.000523 -0.009954 0.000805
vn  0.000000 -0.010000 0.000000
vn  0.000000 -0.010000 0.000000
vn  0.000000 -0.010000 0.000000
vn  0.000000 -0.010000 0.000000
vn  0.000000 -0.010000 0.000000
vn  0.000000 -0.010000 0.000000
vn  0.000000 -0.010000 0.000000
vn  0.000000 -0.010000 0.000000
vn  0.000000 -0.010000 0.000000
vn  0.000000 -0.010000 0.000000
vn  0.000000 -0.010000 0.000000
vn  0.000000 -0.010000 0.000000
vn  0.000000 -0.010000 0.000000
vn  0.000095 -0.009930 -0.001173
vn  0.000113 -0.009936 -0.001128
vn  0.000283 -0.009454 -0.003248
vn  0.000284 -0.009468 -0.003206
vn  0.000340 -0.008111 -0.005840
vn  -0.000626 -0.009877 0.001436
vn  0.000000 -0.010000 0.000000
vn  0.000000 -0.010000 0.000000
vn  0.000000 -0.010000 0.000000
vn  0.000000 -0.010000 0.000000
vn  0.000000 -0.010000 0.000000
vn  0.000000 -0.010000 0.000000
vn  0.000000 -0.010000 0.000000
vn  0.000000 -0.010000 0.000000
vn  0.000000 -0.010000 0.000000
vn  0.000000 -0.010000 0.000000
vn  0.000000 -0.010000 0.000000
vn  0.000000 -0.010000 0.000000
vn  0.000000 -0.010000 0.000000
vn  0.000000 -0.010000 0.000000
vn  0.000000 -0.010000 0.000000
vn  0.000000 -0.010000 0.000000
vn  0.000000 -0.010000 0.000000
vn  0.000000 -0.010000 0.000000
vn  0.000000 -0.010000 0.000000
vn  0.000000 -0.010000 0.000000
vn  0.000000 -0.010000 0.000000
vn  -0.000076 -0.009914 -0.001305
vn  -0.000094 -0.009890 -0.001477
vn  -0.000264 -0.009425 -0.003332
vn  -0.000302 -0.009380 -0.003453
vn  -0.000302 -0.008261 -0.005627
vn  -0.001254 -0.008476 -0.005155
vn  -0.000867 -0.007454 -0.006610
vn  -0.000995 -0.008522 -0.005136
vn  -0.001373 -0.003115 -0.009403
vn  -0.007878 -0.002274 -0.005724
vn  -0.000302 -0.008161 -0.005771
vn  -0.000245 -0.009454 -0.003251
vn  -0.000057 -0.009930 -0.001176
vn  0.000000 -0.010000 0.000000
vn  0.000000 -0.010000 0.000000
vn  0.000000 -0.010000 0.000000
vn  0.000000 -0.010000 0.000000
vn  0.000000 -0.010000 0.000000
vn  0.000000 -0.010000 0.000000
vn  0.000000 -0.010000 0.000000
vn  -0.000340 -0.008111 -0.005840
vn  -0.000246 -0.009468 -0.003209
vn  -0.000113 -0.009936 -0.001128
vn  0.000000 -0.010000 0.000000
vn  0.000000 -0.010000 0.000000
vn  0.000000 -0.010000 0.000000
vn  0.000000 -0.010000 0.000000
vn  0.000000 -0.010000 0.000000
vn  -0.001319 -0.009097 0.003937
vn  0.000000 -0.009168 0.003993
vn  -0.000019 -0.008826 0.004701
vn  0.001355 -0.009097 0.003925
vn  0.000660 -0.008635 0.005001
vn  0.001336 -0.009186 0.003720
vn  0.000679 -0.008059 0.005881
vn  0.000658 -0.009253 0.003734
vn  0.000189 -0.007277 0.006857
vn  -0.000490 -0.009220 0.003841
vn  -0.000717 -0.006585 0.007492
vn  -0.001970 -0.008966 0.003966
vn  -0.005089 -0.006351 0.005810
vn  -0.002815 -0.009509 0.001284
vn  -0.007367 -0.006215 0.002664
vn  -0.003208 -0.009468 0.000265
vn  -0.008132 -0.005761 0.000829
vn  -0.003052 -0.009523 0.000076
vn  -0.007802 -0.006250 0.000264
vn  -0.002925 -0.009562 0.000114
vn  -0.007551 -0.006552 0.000227
vn  -0.002760 -0.009612 0.000038
vn  -0.007410 -0.006715 0.000076
vn  -0.002718 -0.009624 0.000000
vn  -0.007410 -0.006715 0.000076
vn  -0.002925 -0.009562 -0.000114
vn  -0.007796 -0.006250 -0.000415
vn  -0.003329 -0.009425 -0.000302
vn  -0.008675 -0.004911 -0.000792
vn  -0.003547 -0.009350 -0.000038
vn  -0.009033 -0.004291 -0.000038
vn  -0.003831 -0.009237 0.000076
vn  -0.008270 -0.005617 0.000227
vn  -0.003531 -0.009350 -0.000340
vn  -0.007290 -0.006844 -0.000151
vn  -0.003220 -0.009425 -0.000895
vn  -0.006627 -0.007483 -0.000302
vn  -0.003287 -0.009365 -0.001223
vn  -0.005550 -0.008310 -0.000378
vn  -0.002574 -0.009454 -0.002001
vn  -0.003548 -0.009203 -0.001649
vn  -0.002046 -0.009237 -0.003240
vn  -0.001464 -0.008985 -0.004138
vn  -0.001259 -0.009270 -0.003533
vn  -0.000641 -0.005725 0.008174
vn  -0.001112 -0.004720 0.008746
vn  -0.006586 -0.003281 0.006773
vn  -0.009287 -0.002401 0.002827
vn  -0.009663 -0.002189 0.001355
vn  -0.009700 -0.002401 0.000377
vn  -0.009413 -0.003363 0.000302
vn  -0.009357 -0.003527 0.000076
vn  -0.009357 -0.003527 0.000000
vn  -0.009232 -0.003812 -0.000491
vn  -0.009159 -0.003892 -0.000980
vn  -0.009088 -0.004172 0.000000
vn  -0.008632 -0.005025 0.000491
vn  -0.008709 -0.004911 0.000189
vn  -0.008775 -0.004758 0.000603
vn  -0.008321 -0.005471 0.000905
vn  -0.005622 -0.008033 -0.001966
vn  -0.000585 -0.001889 0.009802
vn  -0.000830 -0.001932 0.009776
vn  -0.005535 -0.000895 0.008280
vn  -0.009547 -0.000066 0.002975
vn  -0.009920 -0.000371 0.001205
vn  -0.009992 -0.000153 0.000377
vn  -0.009989 -0.000284 0.000377
vn  -0.009996 -0.000284 0.000000
vn  -0.009998 -0.000197 -0.000076
vn  -0.009974 -0.000633 -0.000339
vn  -0.009762 -0.002018 -0.000792
vn  -0.009629 -0.002697 0.000038
vn  -0.009885 -0.001415 0.000528
vn  -0.009990 0.000022 0.000453
vn  -0.009919 0.000415 0.001204
vn  -0.009871 -0.000284 0.001579
vn  -0.000773 -0.002018 0.009764
vn  -0.000566 -0.006585 0.007505
vn  -0.000735 -0.002146 0.009739
vn  -0.000623 -0.007125 0.006989
vn  -0.000057 -0.002316 0.009728
vn  0.000038 -0.007366 0.006763
vn  0.000585 -0.007125 0.006992
vn  -0.000641 -0.008613 0.005041
vn  -0.001441 -0.009713 -0.001894
vn  -0.000961 -0.009930 -0.000679
vn  -0.000446 -0.009981 -0.000418
vn  0.000000 -0.010000 0.000000
vn  0.000000 -0.010000 0.000000
vn  0.000000 -0.010000 0.000000
vn  0.000000 -0.010000 0.000000
vn  0.000000 -0.010000 0.000000
vn  0.000000 -0.010000 0.000000
vn  0.000000 -0.010000 0.000000
vn  0.000000 -0.010000 0.000000
vn  0.000000 -0.010000 0.000000
vn  0.000000 -0.010000 0.000000
vn  0.000000 -0.010000 0.000000
vn  0.000000 -0.010000 0.000000
vn  0.000000 -0.010000 0.000000
vn  0.000000 -0.010000 0.000000
vn  0.000578 -0.009832 0.001731
vn  -0.000167 -0.009998 -0.000140
vn  -0.000022 -0.010000 -0.000038
vn  0.000000 -0.010000 0.000000
vn  0.000000 -0.010000 0.000000
vn  0.000000 -0.010000 0.000000
vn  0.000000 -0.010000 0.000000
vn  0.000000 -0.010000 0.000000
vn  0.000000 -0.010000 0.000000
vn  0.000000 -0.010000 0.000000
vn  0.000000 -0.010000 0.000000
vn  -0.000130 -0.009995 0.000277
vn  0.000000 -0.010000 0.000000
vn  0.000000 -0.010000 0.000000
vn  0.000000 -0.010000 0.000000
vn  0.000000 -0.010000 0.000000
vn  0.000000 -0.010000 0.000000
vn  0.000000 -0.010000 0.000000
vn  0.000000 -0.010000 0.000000
vn  0.000278 -0.009994 0.000211
vn  0.000000 -0.010000 0.000000
vn  0.000000 -0.010000 0.000000
vn  0.000000 -0.010000 0.000000
vn  0.000000 -0.010000 0.000000
vn  0.000000 -0.010000 0.000000
vn  0.000626 -0.009877 0.001436
vn  0.000555 -0.009950 0.000836
vn  -0.000614 -0.009832 0.001718
vn  0.000604 -0.002189 0.009739
vn  0.000076 -0.009914 -0.001305
vn  0.007367 -0.006215 0.002664
vn  0.009287 -0.002401 0.002827
vn  0.009547 -0.000066 0.002975
vn  0.008132 -0.005761 0.000829
vn  0.009663 -0.002189 0.001355
vn  0.009920 -0.000371 0.001205
vn  0.007803 -0.006250 0.000227
vn  0.009700 -0.002401 0.000377
vn  0.009992 -0.000153 0.000377
vn  0.007551 -0.006552 0.000227
vn  0.009413 -0.003363 0.000302
vn  0.007410 -0.006715 0.000076
vn  -0.000698 -0.002231 -0.009723
vn  -0.000151 -0.006552 -0.007553
vn  -0.000170 -0.006284 -0.007777
vn  -0.000189 -0.006112 -0.007912
vn  -0.000340 -0.008111 -0.005840
vn  0.000076 -0.002189 -0.009757
vn  0.000076 -0.001674 -0.009859
vn  -0.000027 -0.003292 -0.014038
vn  -0.000019 0.008678 -0.004968

g rdmobj00
usemtl object_0
f  1/1/1 2/2/2 3/3/3
f  2/2/2 4/4/4 3/3/3
f  3/3/3 4/4/4 5/5/5
f  4/4/4 6/6/6 5/5/5
f  5/5/5 6/6/6 7/7/7
f  6/6/6 8/8/8 7/7/7
f  7/7/7 8/8/8 9/9/9
f  8/8/8 10/10/10 9/9/9
f  9/9/9 10/10/10 11/11/11
f  10/10/10 12/12/12 11/11/11
f  11/11/11 12/12/12 13/13/13
f  12/12/12 14/14/14 13/13/13
f  13/13/13 14/14/14 15/15/15
f  14/14/14 16/16/16 15/15/15
f  15/15/15 16/16/16 17/17/17
f  16/16/16 18/18/18 17/17/17
f  2/2/2 19/19/19 4/4/4
f  19/19/19 20/20/20 4/4/4
f  4/4/4 20/20/20 6/6/6
f  6/6/6 21/21/21 8/8/8
f  20/20/20 21/21/21 6/6/6
f  8/8/8 22/22/22 10/10/10
f  21/21/21 22/22/22 8/8/8
f  10/10/10 23/23/23 12/12/12
f  22/22/22 23/23/23 10/10/10
f  12/12/12 24/24/24 14/14/14
f  23/23/23 24/24/24 12/12/12
f  24/24/24 25/25/25 14/14/14
f  14/14/14 25/25/25 16/16/16
f  16/16/16 26/26/26 18/18/18
f  25/25/25 26/26/26 16/16/16
f  26/26/26 27/27/27 18/18/18
f  19/19/19 28/28/28 20/20/20
f  20/20/20 29/29/29 21/21/21
f  28/28/28 29/29/29 20/20/20
f  21/21/21 30/30/30 22/22/22
f  29/29/29 30/30/30 21/21/21
f  30/30/30 31/31/31 22/22/22
f  22/22/22 31/31/31 23/23/23
f  31/31/31 32/32/32 23/23/23
f  23/23/23 32/32/32 33/33/33
f  32/32/32 34/34/34 33/33/33
f  33/33/33 34/34/34 35/35/35
f  34/34/34 36/36/36 35/35/35
f  35/35/35 36/36/36 37/37/37
f  36/36/36 38/38/38 37/37/37
f  37/37/37 38/38/38 39/39/39
f  38/38/38 40/40/40 39/39/39
f  39/39/39 40/40/40 41/41/41
f  28/28/28 42/42/42 29/29/29
f  29/29/29 43/43/43 30/30/30
f  42/42/42 43/43/43 29/29/29
f  43/43/43 42/42/42 44/44/44
f  43/43/43 44/44/44 30/30/30
f  30/30/30 44/44/44 45/45/45
f  30/30/30 45/45/45 31/31/31
f  45/45/45 46/46/46 31/31/31
f  44/44/44 46/46/46 45/45/45
f  46/46/46 32/32/32 31/31/31
f  42/42/42 47/47/47 44/44/44
f  44/44/44 47/47/47 48/48/48
f  44/44/44 48/48/48 49/49/49
f  44/44/44 49/49/49 46/46/46
f  48/48/48 50/50/50 49/49/49
f  49/49/49 50/50/50 46/46/46
f  51/51/51 34/34/34 32/32/32
f  50/50/50 51/51/51 46/46/46
f  46/46/46 51/51/51 32/32/32
f  48/48/48 52/52/52 50/50/50
f  52/52/52 53/53/53 50/50/50
f  50/50/50 53/53/53 51/51/51
f  54/54/54 36/36/36 34/34/34
f  51/51/51 54/54/54 34/34/34
f  53/53/53 54/54/54 51/51/51
f  52/52/52 55/55/55 53/53/53
f  53/53/53 56/56/56 54/54/54
f  55/55/55 56/56/56 53/53/53
f  56/56/56 57/57/57 54/54/54
f  54/54/54 57/57/57 36/36/36
f  36/36/36 58/58/58 38/38/38
f  57/57/57 58/58/58 36/36/36
f  58/58/58 59/59/59 38/38/38
f  38/38/38 59/59/59 60/60/60
f  40/40/40 38/38/38 60/60/60
f  59/59/59 58/58/58 61/61/61
f  58/58/58 57/57/57 61/61/61
f  57/57/57 56/56/56 62/62/62
f  61/61/61 57/57/57 62/62/62
f  56/56/56 55/55/55 63/63/63
f  62/62/62 56/56/56 63/63/63
f  27/27/27 26/26/26 64/64/64
f  26/26/26 65/65/65 64/64/64
f  26/26/26 25/25/25 65/65/65
f  64/64/64 65/65/65 66/66/66
f  65/65/65 67/67/67 66/66/66
f  66/66/66 67/67/67 68/68/68
f  67/67/67 69/69/69 68/68/68
f  68/68/68 69/69/69 70/70/70
f  69/69/69 71/71/71 70/70/70
f  70/70/70 71/71/71 72/72/72
f  71/71/71 73/73/73 72/72/72
f  25/25/25 74/74/74 65/65/65
f  65/65/65 74/74/74 67/67/67
f  25/25/25 24/24/24 74/74/74
f  74/74/74 75/75/75 67/67/67
f  67/67/67 75/75/75 69/69/69
f  69/69/69 76/76/76 71/71/71
f  75/75/75 76/76/76 69/69/69
f  77/77/77 41/41/41 73/73/73
f  71/71/71 77/77/77 73/73/73
f  77/77/77 39/39/39 41/41/41
f  76/76/76 77/77/77 71/71/71
f  74/74/74 78/78/78 75/75/75
f  23/23/23 33/33/33 78/78/78
f  24/24/24 23/23/23 78/78/78
f  24/24/24 78/78/78 74/74/74
f  78/78/78 79/79/79 75/75/75
f  79/79/79 35/35/35 37/37/37
f  78/78/78 33/33/33 79/79/79
f  33/33/33 35/35/35 79/79/79
f  75/75/75 79/79/79 76/76/76
f  37/37/37 39/39/39 80/80/80
f  76/76/76 80/80/80 77/77/77
f  79/79/79 80/80/80 76/76/76
f  79/79/79 37/37/37 80/80/80
f  80/80/80 39/39/39 77/77/77
f  3/3/3 5/5/5 81/81/81
f  5/5/5 82/82/82 81/81/81
f  5/5/5 7/7/7 82/82/82
f  81/81/81 82/82/82 83/83/83
f  7/7/7 84/84/84 82/82/82
f  82/82/82 84/84/84 83/83/83
f  83/83/83 84/84/84 85/85/85
f  84/84/84 86/86/86 85/85/85
f  86/86/86 84/84/84 87/87/87
f  88/88/88 9/9/9 11/11/11
f  7/7/7 9/9/9 88/88/88
f  84/84/84 7/7/7 88/88/88
f  84/84/84 88/88/88 87/87/87
f  87/87/87 88/88/88 89/89/89
f  88/88/88 11/11/11 89/89/89
f  11/11/11 13/13/13 90/90/90
f  89/89/89 11/11/11 90/90/90
f  13/13/13 15/15/15 91/91/91
f  90/90/90 13/13/13 91/91/91
f  91/91/91 15/15/15 92/92/92
f  15/15/15 17/17/17 92/92/92
f  92/92/92 93/93/93 91/91/91
f  91/91/91 94/94/94 90/90/90
f  93/93/93 94/94/94 91/91/91
f  95/95/95 87/87/87 89/89/89
f  94/94/94 95/95/95 90/90/90
f  90/90/90 95/95/95 89/89/89
f  93/93/93 96/96/96 94/94/94
f  96/96/96 97/97/97 94/94/94
f  94/94/94 97/97/97 95/95/95
f  97/97/97 98/98/98 95/95/95
f  95/95/95 98/98/98 87/87/87
f  98/98/98 86/86/86 87/87/87
f  99/99/99 100/100/100 101/101/101
f  100/100/100 102/102/102 101/101/101
f  101/101/101 102/102/102 103/103/103
f  102/102/102 104/104/104 103/103/103
f  103/103/103 104/104/104 105/105/105
f  104/104/104 106/106/106 105/105/105
f  100/100/100 107/107/107 102/102/102
f  102/102/102 108/108/108 104/104/104
f  107/107/107 108/108/108 102/102/102
f  104/104/104 109/109/109 106/106/106
f  108/108/108 109/109/109 104/104/104
f  109/109/109 110/110/110 106/106/106
f  107/107/107 111/111/111 108/108/108
f  108/108/108 112/112/112 109/109/109
f  111/111/111 112/112/112 108/108/108
f  112/112/112 113/113/113 109/109/109
f  109/109/109 113/113/113 110/110/110
f  113/113/113 114/114/114 110/110/110
f  111/111/111 115/115/115 112/112/112
f  115/115/115 116/116/116 112/112/112
f  112/112/112 116/116/116 113/113/113
f  116/116/116 117/117/117 113/113/113
f  113/113/113 117/117/117 118/118/118
f  117/117/117 119/119/119 118/118/118
f  118/118/118 119/119/119 120/120/120
f  119/119/119 121/121/121 120/120/120
f  120/120/120 121/121/121 122/122/122
f  121/121/121 123/123/123 122/122/122
f  122/122/122 123/123/123 124/124/124
f  123/123/123 125/125/125 124/124/124
f  124/124/124 126/126/126 122/122/122
f  126/126/126 127/127/127 122/122/122
f  122/122/122 127/127/127 120/120/120
f  127/127/127 128/128/128 120/120/120
f  120/120/120 128/128/128 118/118/118
f  118/118/118 129/129/129 113/113/113
f  128/128/128 129/129/129 118/118/118
f  113/113/113 130/130/130 114/114/114
f  129/129/129 130/130/130 113/113/113
f  128/128/128 130/130/130 129/129/129
f  126/126/126 131/131/131 127/127/127
f  131/131/131 132/132/132 127/127/127
f  127/127/127 132/132/132 128/128/128
f  132/132/132 133/133/133 128/128/128
f  128/128/128 133/133/133 134/134/134
f  133/133/133 135/135/135 134/134/134
f  131/131/131 136/136/136 132/132/132
f  132/132/132 137/137/137 133/133/133
f  136/136/136 137/137/137 132/132/132
f  137/137/137 138/138/138 133/133/133
f  133/133/133 138/138/138 135/135/135
f  138/138/138 139/139/139 135/135/135
f  136/136/136 140/140/140 137/137/137
f  137/137/137 141/141/141 138/138/138
f  140/140/140 141/141/141 137/137/137
f  141/141/141 142/142/142 138/138/138
f  138/138/138 142/142/142 139/139/139
f  142/142/142 143/143/143 139/139/139
f  103/103/103 105/105/105 143/143/143
f  140/140/140 144/144/144 141/141/141
f  141/141/141 145/145/145 142/142/142
f  144/144/144 145/145/145 141/141/141
f  103/103/103 146/146/146 101/101/101
f  145/145/145 146/146/146 142/142/142
f  146/146/146 99/99/99 101/101/101
f  143/143/143 142/142/142 147/147/147
f  146/146/146 103/103/103 147/147/147
f  142/142/142 146/146/146 147/147/147
f  147/147/147 103/103/103 143/143/143
f  99/99/99 146/146/146 148/148/148
f  146/146/146 145/145/145 149/149/149
f  145/145/145 144/144/144 149/149/149
f  146/146/146 149/149/149 148/148/148
f  115/115/115 150/150/150 116/116/116
f  150/150/150 151/151/151 116/116/116
f  116/116/116 151/151/151 117/117/117
f  151/151/151 152/152/152 117/117/117
f  117/117/117 152/152/152 119/119/119
f  152/152/152 153/153/153 119/119/119
f  119/119/119 153/153/153 121/121/121
f  153/153/153 154/154/154 121/121/121
f  121/121/121 154/154/154 155/155/155
f  121/121/121 155/155/155 156/156/156
f  156/156/156 123/123/123 121/121/121
f  155/155/155 157/157/157 156/156/156
f  156/156/156 157/157/157 158/158/158
f  157/157/157 159/159/159 158/158/158
f  158/158/158 159/159/159 160/160/160
f  159/159/159 161/161/161 160/160/160
f  160/160/160 161/161/161 162/162/162
f  161/161/161 163/163/163 162/162/162
f  162/162/162 163/163/163 164/164/164
f  162/162/162 164/164/164 160/160/160
f  163/163/163 165/165/165 164/164/164
f  164/164/164 165/165/165 166/166/166
f  165/165/165 167/167/167 166/166/166
f  166/166/166 167/167/167 168/168/168
f  167/167/167 169/169/169 168/168/168
f  169/169/169 152/152/152 151/151/151
f  170/170/170 151/151/151 150/150/150
f  169/169/169 151/151/151 170/170/170
f  168/168/168 169/169/169 170/170/170
f  164/164/164 171/171/171 160/160/160
f  160/160/160 171/171/171 158/158/158
f  172/172/172 123/123/123 156/156/156
f  125/125/125 123/123/123 172/172/172
f  158/158/158 172/172/172 156/156/156
f  171/171/171 172/172/172 158/158/158
f  172/172/172 171/171/171 173/173/173
f  171/171/171 164/164/164 173/173/173
f  173/173/173 125/125/125 172/172/172
f  164/164/164 166/166/166 174/174/174
f  173/173/173 164/164/164 174/174/174
f  153/153/153 152/152/152 175/175/175
f  152/152/152 176/176/176 175/175/175
f  176/176/176 152/152/152 177/177/177
f  177/177/177 169/169/169 167/167/167
f  152/152/152 169/169/169 177/177/177
f  176/176/176 177/177/177 178/178/178
f  177/177/177 167/167/167 179/179/179
f  177/177/177 179/179/179 178/178/178
f  167/167/167 165/165/165 179/179/179
f  179/179/179 165/165/165 163/163/163
f  179/179/179 163/163/163 180/180/180
f  178/178/178 179/179/179 180/180/180
f  180/180/180 163/163/163 161/161/161
f  181/181/181 130/130/130 128/128/128
f  134/134/134 181/181/181 128/128/128
f  182/182/182 183/183/183 184/184/184
f  183/183/183 185/185/185 184/184/184
f  184/184/184 185/185/185 186/186/186
f  185/185/185 187/187/187 186/186/186
f  186/186/186 187/187/187 188/188/188
f  187/187/187 189/189/189 188/188/188
f  188/188/188 189/189/189 190/190/190
f  189/189/189 191/191/191 190/190/190
f  190/190/190 191/191/191 192/192/192
f  191/191/191 193/193/193 192/192/192
f  192/192/192 193/193/193 194/194/194
f  193/193/193 195/195/195 194/194/194
f  194/194/194 195/195/195 196/196/196
f  195/195/195 197/197/197 196/196/196
f  196/196/196 197/197/197 198/198/198
f  197/197/197 199/199/199 198/198/198
f  198/198/198 199/199/199 200/200/200
f  199/199/199 201/201/201 200/200/200
f  200/200/200 201/201/201 202/202/202
f  201/201/201 203/203/203 202/202/202
f  202/202/202 203/203/203 204/204/204
f  202/202/202 204/204/204 200/200/200
f  203/203/203 205/205/205 204/204/204
f  204/204/204 205/205/205 206/206/206
f  205/205/205 207/207/207 206/206/206
f  206/206/206 207/207/207 208/208/208
f  207/207/207 209/209/209 208/208/208
f  208/208/208 209/209/209 210/210/210
f  209/209/209 211/211/211 210/210/210
f  183/183/183 212/212/212 185/185/185
f  212/212/212 213/213/213 185/185/185
f  185/185/185 213/213/213 187/187/187
f  213/213/213 214/214/214 187/187/187
f  187/187/187 214/214/214 189/189/189
f  189/189/189 215/215/215 191/191/191
f  214/214/214 215/215/215 189/189/189
f  215/215/215 216/216/216 191/191/191
f  191/191/191 216/216/216 193/193/193
f  193/193/193 217/217/217 195/195/195
f  216/216/216 217/217/217 193/193/193
f  195/195/195 218/218/218 197/197/197
f  217/217/217 218/218/218 195/195/195
f  218/218/218 219/219/219 197/197/197
f  197/197/197 219/219/219 199/199/199
f  199/199/199 220/220/220 201/201/201
f  219/219/219 220/220/220 199/199/199
f  201/201/201 221/221/221 203/203/203
f  220/220/220 221/221/221 201/201/201
f  221/221/221 222/222/222 203/203/203
f  203/203/203 222/222/222 205/205/205
f  222/222/222 223/223/223 205/205/205
f  205/205/205 223/223/223 207/207/207
f  207/207/207 224/224/224 209/209/209
f  223/223/223 224/224/224 207/207/207
f  224/224/224 225/225/225 209/209/209
f  209/209/209 225/225/225 211/211/211
f  225/225/225 226/226/226 211/211/211
f  217/217/217 227/227/227 218/218/218
f  227/227/227 228/228/228 218/218/218
f  218/218/218 228/228/228 219/219/219
f  228/228/228 229/229/229 219/219/219
f  219/219/219 229/229/229 220/220/220
f  220/220/220 230/230/230 221/221/221
f  229/229/229 230/230/230 220/220/220
f  230/230/230 231/231/231 221/221/221
f  221/221/221 231/231/231 222/222/222
f  222/222/222 232/232/232 223/223/223
f  231/231/231 232/232/232 222/222/222
f  233/233/233 232/232/232 231/231/231
f  232/232/232 233/233/233 223/223/223
f  223/223/223 233/233/233 224/224/224
f  224/224/224 234/234/234 225/225/225
f  233/233/233 234/234/234 224/224/224
f  234/234/234 235/235/235 225/225/225
f  225/225/225 235/235/235 236/236/236
f  236/236/236 226/226/226 225/225/225
f  235/235/235 237/237/237 236/236/236
f  236/236/236 237/237/237 238/238/238
f  237/237/237 239/239/239 238/238/238
f  238/238/238 239/239/239 240/240/240
f  239/239/239 241/241/241 240/240/240
f  240/240/240 241/241/241 242/242/242
f  241/241/241 243/243/243 242/242/242
f  242/242/242 243/243/243 244/244/244
f  243/243/243 245/245/245 244/244/244
f  244/244/244 245/245/245 246/246/246
f  245/245/245 247/247/247 246/246/246
f  246/246/246 247/247/247 248/248/248
f  247/247/247 249/249/249 248/248/248
f  248/248/248 249/249/249 250/250/250
f  249/249/249 251/251/251 250/250/250
f  251/251/251 249/249/249 252/252/252
f  249/249/249 253/253/253 252/252/252
f  252/252/252 253/253/253 254/254/254
f  253/253/253 255/255/255 254/254/254
f  254/254/254 255/255/255 256/256/256
f  255/255/255 257/257/257 256/256/256
f  256/256/256 257/257/257 258/258/258
f  257/257/257 259/259/259 258/258/258
f  258/258/258 259/259/259 260/260/260
f  256/256/256 258/258/258 260/260/260
f  261/261/261 228/228/228 227/227/227
f  259/259/259 261/261/261 260/260/260
f  260/260/260 261/261/261 262/262/262
f  261/261/261 227/227/227 262/262/262
f  262/262/262 227/227/227 263/263/263
f  227/227/227 217/217/217 263/263/263
f  263/263/263 217/217/217 264/264/264
f  217/217/217 216/216/216 264/264/264
f  264/264/264 216/216/216 265/265/265
f  216/216/216 215/215/215 265/265/265
f  265/265/265 215/215/215 214/214/214
f  253/253/253 266/266/266 255/255/255
f  255/255/255 267/267/267 257/257/257
f  266/266/266 267/267/267 255/255/255
f  257/257/257 268/268/268 259/259/259
f  267/267/267 268/268/268 257/257/257
f  268/268/268 269/269/269 259/259/259
f  269/269/269 228/228/228 261/261/261
f  259/259/259 269/269/269 261/261/261
f  269/269/269 229/229/229 228/228/228
f  266/266/266 270/270/270 267/267/267
f  267/267/267 271/271/271 268/268/268
f  270/270/270 271/271/271 267/267/267
f  272/272/272 229/229/229 269/269/269
f  271/271/271 272/272/272 268/268/268
f  268/268/268 272/272/272 269/269/269
f  266/266/266 273/273/273 270/270/270
f  273/273/273 274/274/274 270/270/270
f  270/270/270 274/274/274 271/271/271
f  274/274/274 275/275/275 271/271/271
f  271/271/271 276/276/276 272/272/272
f  271/271/271 275/275/275 276/276/276
f  275/275/275 277/277/277 276/276/276
f  276/276/276 277/277/277 278/278/278
f  278/278/278 279/279/279 234/234/234
f  279/279/279 235/235/235 234/234/234
f  237/237/237 235/235/235 279/279/279
f  277/277/277 279/279/279 278/278/278
f  276/276/276 278/278/278 280/280/280
f  276/276/276 280/280/280 272/272/272
f  280/280/280 230/230/230 229/229/229
f  272/272/272 280/280/280 229/229/229
f  281/281/281 233/233/233 231/231/231
f  234/234/234 233/233/233 281/281/281
f  278/278/278 281/281/281 280/280/280
f  281/281/281 231/231/231 230/230/230
f  280/280/280 281/281/281 230/230/230
f  278/278/278 234/234/234 281/281/281
f  212/212/212 282/282/282 213/213/213
f  282/282/282 283/283/283 213/213/213
f  283/283/283 265/265/265 214/214/214
f  213/213/213 283/283/283 214/214/214
f  282/282/282 284/284/284 283/283/283
f  283/283/283 285/285/285 265/265/265
f  284/284/284 285/285/285 283/283/283
f  265/265/265 286/286/286 264/264/264
f  285/285/285 286/286/286 265/265/265
f  286/286/286 287/287/287 264/264/264
f  264/264/264 287/287/287 263/263/263
f  287/287/287 262/262/262 263/263/263
f  284/284/284 288/288/288 285/285/285
f  288/288/288 289/289/289 285/285/285
f  285/285/285 289/289/289 286/286/286
f  289/289/289 290/290/290 286/286/286
f  286/286/286 290/290/290 287/287/287
f  291/291/291 260/260/260 262/262/262
f  290/290/290 291/291/291 287/287/287
f  290/290/290 254/254/254 291/291/291
f  254/254/254 256/256/256 291/291/291
f  291/291/291 256/256/256 260/260/260
f  287/287/287 291/291/291 262/262/262
f  289/289/289 288/288/288 292/292/292
f  289/289/289 292/292/292 290/290/290
f  251/251/251 252/252/252 292/292/292
f  252/252/252 254/254/254 292/292/292
f  292/292/292 254/254/254 290/290/290
f  292/292/292 293/293/293 251/251/251
f  288/288/288 293/293/293 292/292/292
f  273/273/273 294/294/294 274/274/274
f  274/274/274 295/295/295 275/275/275
f  294/294/294 295/295/295 274/274/274
f  295/295/295 277/277/277 275/275/275
f  295/295/295 296/296/296 277/277/277
f  296/296/296 279/279/279 277/277/277
f  296/296/296 297/297/297 279/279/279
f  297/297/297 298/298/298 279/279/279
f  279/279/279 298/298/298 299/299/299
f  299/299/299 237/237/237 279/279/279
f  299/299/299 300/300/300 237/237/237
f  300/300/300 239/239/239 237/237/237
f  298/298/298 300/300/300 299/299/299
f  298/298/298 301/301/301 300/300/300
f  301/301/301 302/302/302 300/300/300
f  300/300/300 302/302/302 239/239/239
f  302/302/302 241/241/241 239/239/239
f  301/301/301 303/303/303 302/302/302
f  303/303/303 304/304/304 302/302/302
f  304/304/304 243/243/243 241/241/241
f  302/302/302 304/304/304 241/241/241
f  243/243/243 304/304/304 245/245/245
f  304/304/304 305/305/305 245/245/245
f  245/245/245 305/305/305 247/247/247
f  247/247/247 306/306/306 249/249/249
f  305/305/305 306/306/306 247/247/247
f  249/249/249 307/307/307 253/253/253
f  306/306/306 307/307/307 249/249/249
f  307/307/307 308/308/308 253/253/253
f  306/306/306 308/308/308 307/307/307
f  253/253/253 308/308/308 309/309/309
f  304/304/304 310/310/310 305/305/305
f  305/305/305 311/311/311 306/306/306
f  311/311/311 308/308/308 306/306/306
f  310/310/310 311/311/311 305/305/305
f  310/310/310 304/304/304 312/312/312
f  304/304/304 303/303/303 312/312/312
f  313/313/313 266/266/266 253/253/253
f  266/266/266 313/313/313 273/273/273
f  309/309/309 313/313/313 253/253/253
f  204/204/204 314/314/314 200/200/200
f  200/200/200 314/314/314 198/198/198
f  204/204/204 206/206/206 314/314/314
f  198/198/198 315/315/315 196/196/196
f  315/315/315 194/194/194 196/196/196
f  314/314/314 315/315/315 198/198/198
f  314/314/314 316/316/316 315/315/315
f  206/206/206 316/316/316 314/314/314
f  316/316/316 317/317/317 315/315/315
f  315/315/315 317/317/317 194/194/194
f  317/317/317 192/192/192 194/194/194
f  192/192/192 317/317/317 318/318/318
f  316/316/316 206/206/206 319/319/319
f  317/317/317 316/316/316 319/319/319
f  317/317/317 319/319/319 318/318/318
f  318/318/318 319/319/319 320/320/320
f  320/320/320 321/321/321 186/186/186
f  319/319/319 321/321/321 320/320/320
f  321/321/321 322/322/322 186/186/186
f  322/322/322 182/182/182 184/184/184
f  186/186/186 322/322/322 184/184/184
f  321/321/321 319/319/319 323/323/323
f  319/319/319 206/206/206 323/323/323
f  323/323/323 206/206/206 324/324/324
f  206/206/206 208/208/208 324/324/324
f  324/324/324 208/208/208 210/210/210
f  210/210/210 325/325/325 324/324/324
f  325/325/325 326/326/326 324/324/324
f  327/327/327 323/323/323 324/324/324
f  321/321/321 323/323/323 327/327/327
f  322/322/322 321/321/321 327/327/327
f  324/324/324 326/326/326 327/327/327
f  328/328/328 182/182/182 322/322/322
f  326/326/326 328/328/328 327/327/327
f  327/327/327 328/328/328 322/322/322
f  329/329/329 330/330/330 331/331/331
f  330/330/330 332/332/332 331/331/331
f  331/331/331 332/332/332 333/333/333
f  332/332/332 334/334/334 333/333/333
f  333/333/333 334/334/334 335/335/335
f  334/334/334 336/336/336 335/335/335
f  335/335/335 336/336/336 337/337/337
f  336/336/336 338/338/338 337/337/337
f  330/330/330 329/329/329 339/339/339
f  329/329/329 340/340/340 339/339/339
f  339/339/339 340/340/340 341/341/341
f  340/340/340 342/342/342 341/341/341
f  341/341/341 342/342/342 343/343/343
f  339/339/339 344/344/344 330/330/330
f  339/339/339 341/341/341 344/344/344
f  344/344/344 345/345/345 330/330/330
f  330/330/330 345/345/345 346/346/346
f  345/345/345 347/347/347 346/346/346
f  348/348/348 338/338/338 336/336/336
f  347/347/347 338/338/338 348/348/348
f  346/346/346 347/347/347 348/348/348
f  341/341/341 349/349/349 344/344/344
f  341/341/341 343/343/343 349/349/349
f  343/343/343 350/350/350 349/349/349
f  349/349/349 350/350/350 351/351/351
f  350/350/350 352/352/352 351/351/351
f  351/351/351 352/352/352 353/353/353
f  351/351/351 353/353/353 354/354/354
f  353/353/353 355/355/355 354/354/354
f  353/353/353 356/356/356 355/355/355
f  356/356/356 357/357/357 355/355/355
f  356/356/356 358/358/358 357/357/357
f  358/358/358 359/359/359 357/357/357
f  358/358/358 360/360/360 359/359/359
f  360/360/360 361/361/361 359/359/359
f  360/360/360 362/362/362 361/361/361
f  362/362/362 363/363/363 361/361/361
f  361/361/361 363/363/363 364/364/364
f  363/363/363 365/365/365 364/364/364
f  364/364/364 365/365/365 366/366/366
f  365/365/365 367/367/367 366/366/366
f  366/366/366 367/367/367 368/368/368
f  367/367/367 369/369/369 368/368/368
f  368/368/368 369/369/369 370/370/370
f  369/369/369 371/371/371 370/370/370
f  371/371/371 342/342/342 340/340/340
f  369/369/369 372/372/372 371/371/371
f  372/372/372 342/342/342 371/371/371
f  373/373/373 374/374/374 375/375/375
f  374/374/374 376/376/376 375/375/375
f  375/375/375 376/376/376 377/377/377
f  376/376/376 378/378/378 377/377/377
f  377/377/377 378/378/378 318/318/318
f  318/318/318 379/379/379 192/192/192
f  379/379/379 190/190/190 192/192/192
f  378/378/378 379/379/379 318/318/318
f  374/374/374 380/380/380 376/376/376
f  380/380/380 381/381/381 376/376/376
f  376/376/376 381/381/381 378/378/378
f  378/378/378 382/382/382 379/379/379
f  381/381/381 382/382/382 378/378/378
f  382/382/382 381/381/381 383/383/383
f  379/379/379 383/383/383 190/190/190
f  382/382/382 383/383/383 379/379/379
f  383/383/383 384/384/384 190/190/190
f  190/190/190 384/384/384 385/385/385
f  190/190/190 385/385/385 188/188/188
f  384/384/384 386/386/386 385/385/385
f  386/386/386 375/375/375 377/377/377
f  385/385/385 386/386/386 387/387/387
f  388/388/388 377/377/377 318/318/318
f  320/320/320 388/388/388 318/318/318
f  386/386/386 388/388/388 387/387/387
f  388/388/388 386/386/386 377/377/377
f  186/186/186 188/188/188 389/389/389
f  389/389/389 385/385/385 387/387/387
f  389/389/389 320/320/320 186/186/186
f  387/387/387 388/388/388 389/389/389
f  388/388/388 320/320/320 389/389/389
f  188/188/188 385/385/385 389/389/389
f  383/383/383 390/390/390 384/384/384
f  381/381/381 380/380/380 390/390/390
f  381/381/381 390/390/390 383/383/383
f  384/384/384 391/391/391 386/386/386
f  390/390/390 391/391/391 384/384/384
f  386/386/386 392/392/392 375/375/375
f  392/392/392 373/373/373 375/375/375
f  391/391/391 392/392/392 386/386/386
f  390/390/390 393/393/393 391/391/391
f  380/380/380 393/393/393 390/390/390
f  391/391/391 394/394/394 392/392/392
f  393/393/393 394/394/394 391/391/391
f  394/394/394 395/395/395 392/392/392
f  392/392/392 395/395/395 373/373/373
f  396/396/396 397/397/397 398/398/398
f  397/397/397 399/399/399 398/398/398
f  398/398/398 399/399/399 400/400/400
f  398/398/398 400/400/400 401/401/401
f  400/400/400 402/402/402 401/401/401
f  401/401/401 402/402/402 403/403/403
f  402/402/402 404/404/404 403/403/403
f  403/403/403 404/404/404 405/405/405
f  404/404/404 406/406/406 405/405/405
f  405/405/405 406/406/406 407/407/407
f  406/406/406 408/408/408 407/407/407
f  407/407/407 408/408/408 409/409/409
f  408/408/408 410/410/410 409/409/409
f  402/402/402 411/411/411 404/404/404
f  404/404/404 412/412/412 406/406/406
f  411/411/411 412/412/412 404/404/404
f  406/406/406 413/413/413 408/408/408
f  412/412/412 413/413/413 406/406/406
f  413/413/413 414/414/414 408/408/408
f  408/408/408 414/414/414 415/415/415
f  410/410/410 408/408/408 415/415/415
f  414/414/414 416/416/416 415/415/415
f  417/417/417 410/410/410 415/415/415
f  415/415/415 416/416/416 417/417/417
f  416/416/416 418/418/418 417/417/417
f  417/417/417 418/418/418 419/419/419
f  418/418/418 420/420/420 419/419/419
f  419/419/419 420/420/420 421/421/421
f  420/420/420 422/422/422 421/421/421
f  421/421/421 422/422/422 423/423/423
f  422/422/422 424/424/424 423/423/423
f  423/423/423 424/424/424 425/425/425
f  424/424/424 426/426/426 425/425/425
f  425/425/425 426/426/426 427/427/427
f  426/426/426 428/428/428 427/427/427
f  427/427/427 428/428/428 429/429/429
f  428/428/428 430/430/430 429/429/429
f  429/429/429 430/430/430 431/431/431
f  430/430/430 432/432/432 431/431/431
f  431/431/431 432/432/432 433/433/433
f  432/432/432 434/434/434 433/433/433
f  419/419/419 421/421/421 435/435/435
f  417/417/417 419/419/419 435/435/435
f  421/421/421 423/423/423 436/436/436
f  435/435/435 421/421/421 436/436/436
f  436/436/436 423/423/423 437/437/437
f  423/423/423 425/425/425 437/437/437
f  437/437/437 425/425/425 438/438/438
f  425/425/425 427/427/427 438/438/438
f  438/438/438 427/427/427 439/439/439
f  427/427/427 429/429/429 439/439/439
f  439/439/439 429/429/429 440/440/440
f  429/429/429 441/441/441 440/440/440
f  431/431/431 441/441/441 429/429/429
f  435/435/435 442/442/442 417/417/417
f  442/442/442 410/410/410 417/417/417
f  443/443/443 444/444/444 445/445/445
f  444/444/444 446/446/446 445/445/445
f  445/445/445 446/446/446 447/447/447
f  446/446/446 448/448/448 447/447/447
f  447/447/447 448/448/448 449/449/449
f  448/448/448 450/450/450 449/449/449
f  449/449/449 450/450/450 451/451/451
f  450/450/450 452/452/452 451/451/451
f  451/451/451 452/452/452 453/453/453
f  444/444/444 454/454/454 446/446/446
f  454/454/454 455/455/455 446/446/446
f  446/446/446 455/455/455 448/448/448
f  455/455/455 456/456/456 448/448/448
f  448/448/448 456/456/456 450/450/450
f  456/456/456 457/457/457 450/450/450
f  450/450/450 457/457/457 452/452/452
f  454/454/454 444/444/444 458/458/458
f  444/444/444 459/459/459 458/458/458
f  458/458/458 459/459/459 460/460/460
f  459/459/459 461/461/461 460/460/460
f  460/460/460 461/461/461 462/462/462
f  461/461/461 463/463/463 462/462/462
f  462/462/462 463/463/463 464/464/464
f  463/463/463 465/465/465 464/464/464
f  464/464/464 465/465/465 466/466/466
f  465/465/465 467/467/467 466/466/466
f  466/466/466 467/467/467 468/468/468
f  467/467/467 469/469/469 468/468/468
f  468/468/468 469/469/469 470/470/470
f  469/469/469 471/471/471 470/470/470
f  470/470/470 471/471/471 472/472/472
f  471/471/471 473/473/473 472/472/472
f  472/472/472 473/473/473 474/474/474
f  473/473/473 475/475/475 474/474/474
f  474/474/474 475/475/475 476/476/476
f  475/475/475 477/477/477 476/476/476
f  476/476/476 477/477/477 478/478/478
f  477/477/477 479/479/479 478/478/478
f  478/478/478 479/479/479 480/480/480
f  479/479/479 481/481/481 480/480/480
f  480/480/480 481/481/481 482/482/482
f  481/481/481 483/483/483 482/482/482
f  482/482/482 483/483/483 484/484/484
f  483/483/483 485/485/485 484/484/484
f  484/484/484 485/485/485 486/486/486
f  485/485/485 487/487/487 486/486/486
f  486/486/486 487/487/487 488/488/488
f  487/487/487 489/489/489 488/488/488
f  488/488/488 489/489/489 490/490/490
f  489/489/489 491/491/491 490/490/490
f  490/490/490 491/491/491 492/492/492
f  491/491/491 493/493/493 492/492/492
f  492/492/492 493/493/493 494/494/494
f  493/493/493 495/495/495 494/494/494
f  494/494/494 495/495/495 496/496/496
f  495/495/495 497/497/497 496/496/496
f  496/496/496 497/497/497 498/498/498
f  497/497/497 499/499/499 498/498/498
f  498/498/498 499/499/499 500/500/500
f  499/499/499 501/501/501 500/500/500
f  500/500/500 501/501/501 502/502/502
f  501/501/501 503/503/503 502/502/502
f  502/502/502 503/503/503 504/504/504
f  503/503/503 505/505/505 504/504/504
f  504/504/504 505/505/505 506/506/506
f  505/505/505 507/507/507 506/506/506
f  506/506/506 507/507/507 508/508/508
f  463/463/463 509/509/509 465/465/465
f  461/461/461 509/509/509 463/463/463
f  509/509/509 510/510/510 465/465/465
f  465/465/465 510/510/510 467/467/467
f  467/467/467 511/511/511 469/469/469
f  510/510/510 511/511/511 467/467/467
f  469/469/469 512/512/512 471/471/471
f  511/511/511 512/512/512 469/469/469
f  512/512/512 513/513/513 471/471/471
f  471/471/471 513/513/513 473/473/473
f  513/513/513 514/514/514 473/473/473
f  473/473/473 514/514/514 475/475/475
f  475/475/475 515/515/515 477/477/477
f  514/514/514 515/515/515 475/475/475
f  515/515/515 516/516/516 477/477/477
f  477/477/477 516/516/516 479/479/479
f  479/479/479 517/517/517 481/481/481
f  516/516/516 517/517/517 479/479/479
f  517/517/517 518/518/518 481/481/481
f  481/481/481 518/518/518 483/483/483
f  518/518/518 519/519/519 483/483/483
f  483/483/483 519/519/519 485/485/485
f  485/485/485 520/520/520 487/487/487
f  519/519/519 520/520/520 485/485/485
f  520/520/520 521/521/521 487/487/487
f  487/487/487 521/521/521 489/489/489
f  489/489/489 522/522/522 491/491/491
f  521/521/521 522/522/522 489/489/489
f  491/491/491 523/523/523 493/493/493
f  522/522/522 523/523/523 491/491/491
f  493/493/493 524/524/524 495/495/495
f  523/523/523 524/524/524 493/493/493
f  524/524/524 525/525/525 495/495/495
f  495/495/495 525/525/525 497/497/497
f  497/497/497 526/526/526 499/499/499
f  525/525/525 526/526/526 497/497/497
f  499/499/499 527/527/527 501/501/501
f  526/526/526 527/527/527 499/499/499
f  501/501/501 528/528/528 503/503/503
f  527/527/527 528/528/528 501/501/501
f  528/528/528 529/529/529 503/503/503
f  503/503/503 529/529/529 505/505/505
f  505/505/505 530/530/530 507/507/507
f  529/529/529 530/530/530 505/505/505
f  509/509/509 531/531/531 510/510/510
f  531/531/531 532/532/532 510/510/510
f  510/510/510 532/532/532 511/511/511
f  511/511/511 533/533/533 512/512/512
f  532/532/532 533/533/533 511/511/511
f  533/533/533 534/534/534 512/512/512
f  512/512/512 534/534/534 513/513/513
f  513/513/513 535/535/535 514/514/514
f  534/534/534 535/535/535 513/513/513
f  535/535/535 536/536/536 514/514/514
f  514/514/514 536/536/536 515/515/515
f  536/536/536 537/537/537 515/515/515
f  515/515/515 537/537/537 516/516/516
f  516/516/516 538/538/538 517/517/517
f  537/537/537 538/538/538 516/516/516
f  517/517/517 539/539/539 518/518/518
f  538/538/538 539/539/539 517/517/517
f  539/539/539 540/540/540 518/518/518
f  518/518/518 540/540/540 519/519/519
f  540/540/540 541/541/541 519/519/519
f  519/519/519 541/541/541 520/520/520
f  541/541/541 542/542/542 520/520/520
f  520/520/520 542/542/542 521/521/521
f  521/521/521 543/543/543 522/522/522
f  542/542/542 543/543/543 521/521/521
f  543/543/543 544/544/544 522/522/522
f  522/522/522 544/544/544 523/523/523
f  544/544/544 545/545/545 523/523/523
f  523/523/523 545/545/545 524/524/524
f  524/524/524 546/546/546 525/525/525
f  545/545/545 546/546/546 524/524/524
f  546/546/546 547/547/547 525/525/525
f  525/525/525 547/547/547 526/526/526
f  547/547/547 548/548/548 526/526/526
f  526/526/526 548/548/548 527/527/527
f  527/527/527 549/549/549 528/528/528
f  548/548/548 549/549/549 527/527/527
f  528/528/528 550/550/550 529/529/529
f  549/549/549 550/550/550 528/528/528
f  529/529/529 551/551/551 530/530/530
f  550/550/550 551/551/551 529/529/529
f  551/551/551 552/552/552 530/530/530
f  530/530/530 552/552/552 553/553/553
f  552/552/552 554/554/554 553/553/553
f  552/552/552 551/551/551 555/555/555
f  551/551/551 550/550/550 555/555/555
f  555/555/555 550/550/550 556/556/556
f  550/550/550 549/549/549 556/556/556
f  556/556/556 549/549/549 557/557/557
f  549/549/549 548/548/548 557/557/557
f  548/548/548 547/547/547 558/558/558
f  558/558/558 556/556/556 557/557/557
f  557/557/557 548/548/548 558/558/558
f  558/558/558 547/547/547 559/559/559
f  547/547/547 546/546/546 559/559/559
f  559/559/559 546/546/546 560/560/560
f  546/546/546 545/545/545 560/560/560
f  545/545/545 544/544/544 561/561/561
f  560/560/560 545/545/545 561/561/561
f  544/544/544 543/543/543 562/562/562
f  561/561/561 544/544/544 562/562/562
f  543/543/543 542/542/542 563/563/563
f  562/562/562 543/543/543 563/563/563
f  542/542/542 541/541/541 564/564/564
f  563/563/563 542/542/542 564/564/564
f  541/541/541 540/540/540 565/565/565
f  564/564/564 541/541/541 565/565/565
f  540/540/540 539/539/539 566/566/566
f  565/565/565 540/540/540 566/566/566
f  566/566/566 539/539/539 567/567/567
f  539/539/539 538/538/538 567/567/567
f  567/567/567 538/538/538 568/568/568
f  538/538/538 537/537/537 568/568/568
f  537/537/537 536/536/536 569/569/569
f  568/568/568 537/537/537 569/569/569
f  569/569/569 536/536/536 570/570/570
f  536/536/536 535/535/535 570/570/570
f  570/570/570 535/535/535 571/571/571
f  535/535/535 534/534/534 571/571/571
f  534/534/534 533/533/533 572/572/572
f  571/571/571 534/534/534 572/572/572
f  572/572/572 533/533/533 573/573/573
f  533/533/533 532/532/532 573/573/573
f  532/532/532 531/531/531 574/574/574
f  573/573/573 532/532/532 574/574/574
f  574/574/574 531/531/531 575/575/575
f  531/531/531 509/509/509 576/576/576
f  531/531/531 576/576/576 575/575/575
f  575/575/575 576/576/576 577/577/577
f  576/576/576 578/578/578 577/577/577
f  573/573/573 579/579/579 572/572/572
f  572/572/572 579/579/579 571/571/571
f  579/579/579 580/580/580 571/571/571
f  571/571/571 580/580/580 570/570/570
f  570/570/570 581/581/581 569/569/569
f  580/580/580 581/581/581 570/570/570
f  569/569/569 582/582/582 568/568/568
f  581/581/581 582/582/582 569/569/569
f  568/568/568 583/583/583 567/567/567
f  582/582/582 583/583/583 568/568/568
f  583/583/583 584/584/584 567/567/567
f  567/567/567 584/584/584 566/566/566
f  566/566/566 585/585/585 565/565/565
f  584/584/584 585/585/585 566/566/566
f  565/565/565 586/586/586 564/564/564
f  585/585/585 586/586/586 565/565/565
f  564/564/564 587/587/587 563/563/563
f  586/586/586 587/587/587 564/564/564
f  587/587/587 588/588/588 563/563/563
f  563/563/563 588/588/588 562/562/562
f  588/588/588 589/589/589 562/562/562
f  562/562/562 589/589/589 561/561/561
f  589/589/589 590/590/590 561/561/561
f  561/561/561 590/590/590 560/560/560
f  590/590/590 591/591/591 560/560/560
f  560/560/560 591/591/591 559/559/559
f  592/592/592 555/555/555 556/556/556
f  559/559/559 592/592/592 558/558/558
f  592/592/592 556/556/556 558/558/558
f  591/591/591 592/592/592 559/559/559
f  579/579/579 593/593/593 580/580/580
f  593/593/593 594/594/594 580/580/580
f  580/580/580 594/594/594 581/581/581
f  581/581/581 595/595/595 582/582/582
f  594/594/594 595/595/595 581/581/581
f  582/582/582 596/596/596 583/583/583
f  595/595/595 596/596/596 582/582/582
f  583/583/583 597/597/597 584/584/584
f  596/596/596 597/597/597 583/583/583
f  584/584/584 598/598/598 585/585/585
f  597/597/597 598/598/598 584/584/584
f  585/585/585 599/599/599 586/586/586
f  598/598/598 599/599/599 585/585/585
f  586/586/586 600/600/600 587/587/587
f  599/599/599 600/600/600 586/586/586
f  587/587/587 601/601/601 588/588/588
f  600/600/600 601/601/601 587/587/587
f  601/601/601 602/602/602 588/588/588
f  588/588/588 602/602/602 589/589/589
f  602/602/602 603/603/603 589/589/589
f  589/589/589 603/603/603 590/590/590
f  603/603/603 604/604/604 590/590/590
f  590/590/590 604/604/604 591/591/591
f  605/605/605 552/552/552 555/555/555
f  605/605/605 555/555/555 592/592/592
f  604/604/604 605/605/605 591/591/591
f  591/591/591 605/605/605 592/592/592
f  600/600/600 606/606/606 601/601/601
f  599/599/599 606/606/606 600/600/600
f  601/601/601 607/607/607 602/602/602
f  606/606/606 607/607/607 601/601/601
f  607/607/607 608/608/608 602/602/602
f  602/602/602 608/608/608 603/603/603
f  608/608/608 609/609/609 603/603/603
f  603/603/603 609/609/609 604/604/604
f  610/610/610 554/554/554 552/552/552
f  604/604/604 610/610/610 605/605/605
f  609/609/609 610/610/610 604/604/604
f  610/610/610 552/552/552 605/605/605
f  606/606/606 611/611/611 607/607/607
f  611/611/611 612/612/612 607/607/607
f  607/607/607 612/612/612 608/608/608
f  608/608/608 613/613/613 609/609/609
f  612/612/612 613/613/613 608/608/608
f  609/609/609 614/614/614 610/610/610
f  614/614/614 554/554/554 610/610/610
f  613/613/613 614/614/614 609/609/609
f  611/611/611 606/606/606 615/615/615
f  606/606/606 599/599/599 615/615/615
f  616/616/616 598/598/598 597/597/597
f  599/599/599 598/598/598 616/616/616
f  615/615/615 599/599/599 616/616/616
f  597/597/597 617/617/617 616/616/616
f  616/616/616 618/618/618 615/615/615
f  617/617/617 618/618/618 616/616/616
f  615/615/615 619/619/619 611/611/611
f  618/618/618 619/619/619 615/615/615
f  617/617/617 597/597/597 620/620/620
f  597/597/597 596/596/596 620/620/620
f  620/620/620 596/596/596 621/621/621
f  621/621/621 595/595/595 594/594/594
f  596/596/596 595/595/595 621/621/621
f  594/594/594 622/622/622 621/621/621
f  621/621/621 623/623/623 620/620/620
f  622/622/622 623/623/623 621/621/621
f  623/623/623 624/624/624 620/620/620
f  620/620/620 624/624/624 617/617/617
f  617/617/617 625/625/625 618/618/618
f  624/624/624 625/625/625 617/617/617
f  622/622/622 594/594/594 626/626/626
f  594/594/594 593/593/593 626/626/626
f  626/626/626 593/593/593 627/627/627
f  575/575/575 577/577/577 627/627/627
f  593/593/593 628/628/628 627/627/627
f  628/628/628 574/574/574 575/575/575
f  593/593/593 579/579/579 628/628/628
f  628/628/628 579/579/579 573/573/573
f  574/574/574 628/628/628 573/573/573
f  627/627/627 628/628/628 575/575/575
f  576/576/576 629/629/629 578/578/578
f  629/629/629 509/509/509 461/461/461
f  509/509/509 629/629/629 576/576/576
f  461/461/461 459/459/459 630/630/630
f  630/630/630 629/629/629 461/461/461
f  459/459/459 444/444/444 630/630/630
f  629/629/629 630/630/630 578/578/578
f  630/630/630 444/444/444 631/631/631
f  500/500/500 502/502/502 632/632/632
f  502/502/502 633/633/633 632/632/632
f  502/502/502 504/504/504 633/633/633
f  632/632/632 633/633/633 634/634/634
f  633/633/633 635/635/635 634/634/634
f  634/634/634 635/635/635 636/636/636
f  635/635/635 637/637/637 636/636/636
f  504/504/504 506/506/506 638/638/638
f  504/504/504 638/638/638 633/633/633
f  633/633/633 638/638/638 635/635/635
f  638/638/638 639/639/639 635/635/635
f  635/635/635 639/639/639 637/637/637
f  639/639/639 640/640/640 637/637/637
f  506/506/506 641/641/641 638/638/638
f  506/506/506 508/508/508 641/641/641
f  638/638/638 641/641/641 642/642/642
f  638/638/638 642/642/642 639/639/639
f  641/641/641 643/643/643 642/642/642
f  642/642/642 643/643/643 644/644/644
f  643/643/643 645/645/645 644/644/644
f  644/644/644 645/645/645 646/646/646
f  645/645/645 647/647/647 646/646/646
f  646/646/646 647/647/647 648/648/648
f  647/647/647 649/649/649 648/648/648
f  648/648/648 649/649/649 650/650/650
f  649/649/649 651/651/651 650/650/650
f  650/650/650 651/651/651 652/652/652
f  651/651/651 653/653/653 652/652/652
f  652/652/652 653/653/653 654/654/654
f  653/653/653 655/655/655 654/654/654
f  654/654/654 655/655/655 656/656/656
f  655/655/655 657/657/657 656/656/656
f  656/656/656 657/657/657 658/658/658
f  657/657/657 659/659/659 658/658/658
f  658/658/658 659/659/659 660/660/660
f  659/659/659 661/661/661 660/660/660
f  660/660/660 661/661/661 662/662/662
f  661/661/661 663/663/663 662/662/662
f  662/662/662 663/663/663 664/664/664
f  663/663/663 665/665/665 664/664/664
f  664/664/664 665/665/665 666/666/666
f  665/665/665 667/667/667 666/666/666
f  666/666/666 667/667/667 668/668/668
f  667/667/667 669/669/669 668/668/668
f  668/668/668 669/669/669 670/670/670
f  669/669/669 671/671/671 670/670/670
f  670/670/670 671/671/671 672/672/672
f  671/671/671 673/673/673 672/672/672
f  672/672/672 673/673/673 674/674/674
f  673/673/673 675/675/675 674/674/674
f  674/674/674 675/675/675 676/676/676
f  675/675/675 677/677/677 676/676/676
f  676/676/676 677/677/677 678/678/678
f  677/677/677 679/679/679 678/678/678
f  678/678/678 679/679/679 680/680/680
f  679/679/679 681/681/681 680/680/680
f  680/680/680 681/681/681 682/682/682
f  682/682/682 449/449/449 451/451/451
f  681/681/681 683/683/683 682/682/682
f  682/682/682 683/683/683 449/449/449
f  449/449/449 684/684/684 447/447/447
f  683/683/683 684/684/684 449/449/449
f  447/447/447 685/685/685 445/445/445
f  684/684/684 685/685/685 447/447/447
f  641/641/641 686/686/686 643/643/643
f  508/508/508 686/686/686 641/641/641
f  643/643/643 687/687/687 645/645/645
f  686/686/686 687/687/687 643/643/643
f  645/645/645 688/688/688 647/647/647
f  687/687/687 688/688/688 645/645/645
f  688/688/688 689/689/689 647/647/647
f  647/647/647 689/689/689 649/649/649
f  649/649/649 690/690/690 651/651/651
f  689/689/689 688/688/688 690/690/690
f  689/689/689 690/690/690 649/649/649
f  651/651/651 691/691/691 653/653/653
f  690/690/690 691/691/691 651/651/651
f  653/653/653 692/692/692 655/655/655
f  691/691/691 692/692/692 653/653/653
f  692/692/692 693/693/693 655/655/655
f  655/655/655 693/693/693 657/657/657
f  693/693/693 694/694/694 657/657/657
f  657/657/657 694/694/694 659/659/659
f  659/659/659 695/695/695 661/661/661
f  694/694/694 695/695/695 659/659/659
f  661/661/661 696/696/696 663/663/663
f  695/695/695 696/696/696 661/661/661
f  696/696/696 697/697/697 663/663/663
f  663/663/663 697/697/697 665/665/665
f  697/697/697 698/698/698 665/665/665
f  665/665/665 698/698/698 667/667/667
f  698/698/698 699/699/699 667/667/667
f  667/667/667 699/699/699 669/669/669
f  699/699/699 700/700/700 669/669/669
f  669/669/669 700/700/700 671/671/671
f  671/671/671 701/701/701 673/673/673
f  700/700/700 701/701/701 671/671/671
f  701/701/701 702/702/702 673/673/673
f  673/673/673 702/702/702 675/675/675
f  702/702/702 703/703/703 675/675/675
f  675/675/675 703/703/703 677/677/677
f  677/677/677 704/704/704 679/679/679
f  703/703/703 704/704/704 677/677/677
f  679/679/679 705/705/705 681/681/681
f  704/704/704 705/705/705 679/679/679
f  705/705/705 706/706/706 681/681/681
f  681/681/681 706/706/706 683/683/683
f  706/706/706 707/707/707 683/683/683
f  683/683/683 707/707/707 684/684/684
f  707/707/707 708/708/708 684/684/684
f  684/684/684 708/708/708 685/685/685
f  688/688/688 709/709/709 690/690/690
f  690/690/690 709/709/709 691/691/691
f  688/688/688 687/687/687 709/709/709
f  709/709/709 710/710/710 691/691/691
f  691/691/691 710/710/710 692/692/692
f  710/710/710 711/711/711 692/692/692
f  692/692/692 711/711/711 693/693/693
f  693/693/693 712/712/712 694/694/694
f  711/711/711 712/712/712 693/693/693
f  712/712/712 713/713/713 694/694/694
f  694/694/694 713/713/713 695/695/695
f  695/695/695 714/714/714 696/696/696
f  713/713/713 714/714/714 695/695/695
f  696/696/696 715/715/715 697/697/697
f  714/714/714 715/715/715 696/696/696
f  697/697/697 716/716/716 698/698/698
f  715/715/715 716/716/716 697/697/697
f  698/698/698 717/717/717 699/699/699
f  716/716/716 717/717/717 698/698/698
f  699/699/699 718/718/718 700/700/700
f  717/717/717 718/718/718 699/699/699
f  718/718/718 719/719/719 700/700/700
f  700/700/700 719/719/719 701/701/701
f  701/701/701 720/720/720 702/702/702
f  719/719/719 720/720/720 701/701/701
f  702/702/702 721/721/721 703/703/703
f  720/720/720 721/721/721 702/702/702
f  721/721/721 722/722/722 703/703/703
f  703/703/703 722/722/722 704/704/704
f  722/722/722 705/705/705 704/704/704
f  687/687/687 723/723/723 709/709/709
f  709/709/709 723/723/723 710/710/710
f  723/723/723 687/687/687 686/686/686
f  723/723/723 724/724/724 710/710/710
f  710/710/710 724/724/724 711/711/711
f  711/711/711 725/725/725 712/712/712
f  724/724/724 725/725/725 711/711/711
f  712/712/712 726/726/726 713/713/713
f  725/725/725 726/726/726 712/712/712
f  713/713/713 727/727/727 714/714/714
f  726/726/726 727/727/727 713/713/713
f  714/714/714 728/728/728 715/715/715
f  727/727/727 728/728/728 714/714/714
f  728/728/728 729/729/729 715/715/715
f  715/715/715 729/729/729 716/716/716
f  716/716/716 730/730/730 717/717/717
f  729/729/729 730/730/730 716/716/716
f  717/717/717 731/731/731 718/718/718
f  730/730/730 731/731/731 717/717/717
f  718/718/718 732/732/732 719/719/719
f  731/731/731 732/732/732 718/718/718
f  719/719/719 733/733/733 720/720/720
f  732/732/732 733/733/733 719/719/719
f  733/733/733 734/734/734 720/720/720
f  720/720/720 734/734/734 721/721/721
f  721/721/721 735/735/735 722/722/722
f  734/734/734 735/735/735 721/721/721
f  735/735/735 736/736/736 722/722/722
f  722/722/722 736/736/736 705/705/705
f  736/736/736 706/706/706 705/705/705
f  729/729/729 728/728/728 737/737/737
f  728/728/728 727/727/727 737/737/737
f  727/727/727 726/726/726 738/738/738
f  737/737/737 727/727/727 738/738/738
f  726/726/726 725/725/725 739/739/739
f  738/738/738 726/726/726 739/739/739
f  739/739/739 725/725/725 740/740/740
f  725/725/725 724/724/724 740/740/740
f  724/724/724 723/723/723 741/741/741
f  740/740/740 724/724/724 741/741/741
f  723/723/723 686/686/686 742/742/742
f  741/741/741 723/723/723 742/742/742
f  742/742/742 686/686/686 508/508/508
f  508/508/508 743/743/743 742/742/742
f  742/742/742 744/744/744 741/741/741
f  743/743/743 744/744/744 742/742/742
f  741/741/741 745/745/745 740/740/740
f  744/744/744 745/745/745 741/741/741
f  740/740/740 746/746/746 739/739/739
f  745/745/745 746/746/746 740/740/740
f  739/739/739 747/747/747 738/738/738
f  746/746/746 747/747/747 739/739/739
f  738/738/738 748/748/748 737/737/737
f  747/747/747 748/748/748 738/738/738
f  748/748/748 749/749/749 737/737/737
f  737/737/737 749/749/749 729/729/729
f  729/729/729 750/750/750 730/730/730
f  749/749/749 750/750/750 729/729/729
f  750/750/750 731/731/731 730/730/730
f  748/748/748 751/751/751 749/749/749
f  751/751/751 752/752/752 749/749/749
f  749/749/749 752/752/752 750/750/750
f  752/752/752 753/753/753 750/750/750
f  750/750/750 753/753/753 731/731/731
f  753/753/753 754/754/754 731/731/731
f  731/731/731 754/754/754 732/732/732
f  732/732/732 755/755/755 733/733/733
f  754/754/754 755/755/755 732/732/732
f  755/755/755 756/756/756 733/733/733
f  733/733/733 756/756/756 734/734/734
f  756/756/756 757/757/757 734/734/734
f  734/734/734 757/757/757 735/735/735
f  735/735/735 758/758/758 736/736/736
f  758/758/758 707/707/707 706/706/706
f  758/758/758 706/706/706 736/736/736
f  757/757/757 758/758/758 735/735/735
f  752/752/752 759/759/759 753/753/753
f  759/759/759 760/760/760 753/753/753
f  753/753/753 760/760/760 754/754/754
f  754/754/754 761/761/761 755/755/755
f  760/760/760 761/761/761 754/754/754
f  755/755/755 762/762/762 756/756/756
f  761/761/761 762/762/762 755/755/755
f  756/756/756 763/763/763 757/757/757
f  762/762/762 763/763/763 756/756/756
f  763/763/763 764/764/764 757/757/757
f  764/764/764 707/707/707 758/758/758
f  764/764/764 708/708/708 707/707/707
f  757/757/757 764/764/764 758/758/758
f  639/639/639 765/765/765 640/640/640
f  642/642/642 765/765/765 639/639/639
f  642/642/642 644/644/644 765/765/765
f  765/765/765 766/766/766 640/640/640
f  644/644/644 767/767/767 765/765/765
f  765/765/765 767/767/767 766/766/766
f  646/646/646 648/648/648 767/767/767
f  644/644/644 646/646/646 767/767/767
f  767/767/767 768/768/768 766/766/766
f  767/767/767 648/648/648 768/768/768
f  648/648/648 650/650/650 768/768/768
f  766/766/766 768/768/768 769/769/769
f  650/650/650 652/652/652 770/770/770
f  768/768/768 770/770/770 769/769/769
f  768/768/768 650/650/650 770/770/770
f  769/769/769 770/770/770 771/771/771
f  770/770/770 772/772/772 771/771/771
f  652/652/652 654/654/654 772/772/772
f  770/770/770 652/652/652 772/772/772
f  771/771/771 772/772/772 773/773/773
f  772/772/772 774/774/774 773/773/773
f  654/654/654 656/656/656 774/774/774
f  772/772/772 654/654/654 774/774/774
f  773/773/773 774/774/774 775/775/775
f  656/656/656 658/658/658 776/776/776
f  774/774/774 776/776/776 775/775/775
f  774/774/774 656/656/656 776/776/776
f  775/775/775 776/776/776 777/777/777
f  776/776/776 658/658/658 778/778/778
f  776/776/776 778/778/778 777/777/777
f  658/658/658 660/660/660 778/778/778
f  777/777/777 778/778/778 779/779/779
f  778/778/778 780/780/780 779/779/779
f  660/660/660 662/662/662 780/780/780
f  778/778/778 660/660/660 780/780/780
f  779/779/779 780/780/780 781/781/781
f  780/780/780 782/782/782 781/781/781
f  780/780/780 662/662/662 782/782/782
f  662/662/662 664/664/664 782/782/782
f  781/781/781 782/782/782 783/783/783
f  664/664/664 666/666/666 784/784/784
f  782/782/782 784/784/784 783/783/783
f  782/782/782 664/664/664 784/784/784
f  783/783/783 784/784/784 785/785/785
f  666/666/666 668/668/668 786/786/786
f  784/784/784 666/666/666 786/786/786
f  784/784/784 786/786/786 785/785/785
f  785/785/785 786/786/786 787/787/787
f  668/668/668 670/670/670 788/788/788
f  786/786/786 668/668/668 788/788/788
f  786/786/786 788/788/788 787/787/787
f  787/787/787 788/788/788 789/789/789
f  788/788/788 790/790/790 789/789/789
f  788/788/788 670/670/670 790/790/790
f  670/670/670 672/672/672 790/790/790
f  789/789/789 790/790/790 791/791/791
f  790/790/790 672/672/672 792/792/792
f  672/672/672 674/674/674 792/792/792
f  790/790/790 792/792/792 791/791/791
f  791/791/791 792/792/792 793/793/793
f  792/792/792 794/794/794 793/793/793
f  792/792/792 674/674/674 794/794/794
f  674/674/674 676/676/676 794/794/794
f  793/793/793 794/794/794 795/795/795
f  794/794/794 676/676/676 796/796/796
f  794/794/794 796/796/796 795/795/795
f  676/676/676 678/678/678 796/796/796
f  795/795/795 796/796/796 797/797/797
f  796/796/796 798/798/798 797/797/797
f  796/796/796 678/678/678 798/798/798
f  678/678/678 680/680/680 798/798/798
f  797/797/797 798/798/798 799/799/799
f  800/800/800 451/451/451 453/453/453
f  798/798/798 680/680/680 800/800/800
f  798/798/798 800/800/800 799/799/799
f  799/799/799 800/800/800 453/453/453
f  680/680/680 682/682/682 800/800/800
f  800/800/800 682/682/682 451/451/451
f  801/801/801 802/802/802 803/803/803
f  802/802/802 804/804/804 803/803/803
f  802/802/802 805/805/805 804/804/804
f  805/805/805 806/806/806 804/804/804
f  577/577/577 807/807/807 627/627/627
f  627/627/627 808/808/808 626/626/626
f  627/627/627 807/807/807 808/808/808
f  808/808/808 809/809/809 626/626/626
f  626/626/626 809/809/809 622/622/622
f  809/809/809 623/623/623 622/622/622
f  810/810/810 811/811/811 812/812/812
f  811/811/811 813/813/813 812/812/812
f  812/812/812 813/813/813 814/814/814
f  813/813/813 815/815/815 814/814/814
f  814/814/814 815/815/815 816/816/816
f  815/815/815 817/817/817 816/816/816
f  816/816/816 817/817/817 818/818/818
f  817/817/817 819/819/819 818/818/818
f  818/818/818 819/819/819 820/820/820
f  819/819/819 821/821/821 820/820/820
f  820/820/820 821/821/821 822/822/822
f  821/821/821 823/823/823 822/822/822
f  822/822/822 823/823/823 824/824/824
f  823/823/823 825/825/825 824/824/824
f  824/824/824 825/825/825 826/826/826
f  825/825/825 827/827/827 826/826/826
f  826/826/826 827/827/827 828/828/828
f  827/827/827 829/829/829 828/828/828
f  828/828/828 829/829/829 830/830/830
f  829/829/829 831/831/831 830/830/830
f  830/830/830 831/831/831 832/832/832
f  831/831/831 833/833/833 832/832/832
f  832/832/832 833/833/833 834/834/834
f  833/833/833 835/835/835 834/834/834
f  834/834/834 835/835/835 836/836/836
f  835/835/835 837/837/837 836/836/836
f  829/829/829 838/838/838 831/831/831
f  829/829/829 827/827/827 838/838/838
f  838/838/838 839/839/839 831/831/831
f  831/831/831 839/839/839 833/833/833
f  833/833/833 840/840/840 835/835/835
f  839/839/839 840/840/840 833/833/833
f  840/840/840 841/841/841 835/835/835
f  835/835/835 841/841/841 842/842/842
f  835/835/835 842/842/842 837/837/837
f  827/827/827 843/843/843 838/838/838
f  827/827/827 825/825/825 844/844/844
f  843/843/843 827/827/827 844/844/844
f  844/844/844 825/825/825 845/845/845
f  825/825/825 823/823/823 845/845/845
f  845/845/845 823/823/823 821/821/821
f  845/845/845 821/821/821 846/846/846
f  821/821/821 819/819/819 847/847/847
f  819/819/819 817/817/817 847/847/847
f  821/821/821 847/847/847 846/846/846
f  847/847/847 817/817/817 848/848/848
f  817/817/817 815/815/815 849/849/849
f  817/817/817 849/849/849 848/848/848
f  815/815/815 813/813/813 850/850/850
f  815/815/815 850/850/850 849/849/849
f  813/813/813 811/811/811 851/851/851
f  813/813/813 851/851/851 850/850/850
f  811/811/811 852/852/852 851/851/851
f  811/811/811 853/853/853 852/852/852
f  853/853/853 854/854/854 852/852/852
f  853/853/853 855/855/855 854/854/854
f  855/855/855 856/856/856 854/854/854
f  433/433/433 857/857/857 431/431/431
f  857/857/857 441/441/441 431/431/431
f  858/858/858 859/859/859 860/860/860
f  859/859/859 861/861/861 860/860/860
f  861/861/861 859/859/859 862/862/862
f  859/859/859 863/863/863 862/862/862
f  864/864/864 865/865/865 866/866/866
f  865/865/865 867/867/867 866/866/866
f  866/866/866 867/867/867 868/868/868
f  867/867/867 869/869/869 868/868/868
f  868/868/868 869/869/869 870/870/870
f  869/869/869 871/871/871 870/870/870
f  870/870/870 871/871/871 872/872/872
f  871/871/871 873/873/873 872/872/872
f  872/872/872 873/873/873 874/874/874
f  873/873/873 875/875/875 874/874/874
f  874/874/874 875/875/875 876/876/876
f  875/875/875 877/877/877 876/876/876
f  876/876/876 877/877/877 878/878/878
f  877/877/877 879/879/879 878/878/878
f  878/878/878 879/879/879 880/880/880
f  879/879/879 881/881/881 880/880/880
f  880/880/880 881/881/881 882/882/882
f  881/881/881 883/883/883 882/882/882
f  882/882/882 883/883/883 884/884/884
f  883/883/883 885/885/885 884/884/884
f  884/884/884 885/885/885 886/886/886
f  885/885/885 887/887/887 886/886/886
f  886/886/886 887/887/887 888/888/888
f  887/887/887 889/889/889 888/888/888
f  888/888/888 889/889/889 890/890/890
f  889/889/889 891/891/891 890/890/890
f  865/865/865 892/892/892 867/867/867
f  867/867/867 893/893/893 869/869/869
f  892/892/892 893/893/893 867/867/867
f  869/869/869 894/894/894 871/871/871
f  893/893/893 894/894/894 869/869/869
f  871/871/871 895/895/895 873/873/873
f  894/894/894 895/895/895 871/871/871
f  895/895/895 896/896/896 873/873/873
f  873/873/873 896/896/896 875/875/875
f  875/875/875 897/897/897 877/877/877
f  896/896/896 897/897/897 875/875/875
f  897/897/897 898/898/898 877/877/877
f  877/877/877 898/898/898 879/879/879
f  898/898/898 899/899/899 879/879/879
f  879/879/879 899/899/899 881/881/881
f  881/881/881 900/900/900 883/883/883
f  899/899/899 900/900/900 881/881/881
f  900/900/900 901/901/901 883/883/883
f  883/883/883 901/901/901 885/885/885
f  901/901/901 902/902/902 885/885/885
f  885/885/885 902/902/902 887/887/887
f  887/887/887 903/903/903 889/889/889
f  902/902/902 903/903/903 887/887/887
f  903/903/903 904/904/904 889/889/889
f  889/889/889 904/904/904 891/891/891
f  904/904/904 905/905/905 891/891/891
f  892/892/892 906/906/906 893/893/893
f  906/906/906 907/907/907 893/893/893
f  893/893/893 907/907/907 894/894/894
f  894/894/894 908/908/908 895/895/895
f  907/907/907 908/908/908 894/894/894
f  895/895/895 909/909/909 896/896/896
f  908/908/908 909/909/909 895/895/895
f  909/909/909 910/910/910 896/896/896
f  896/896/896 910/910/910 897/897/897
f  897/897/897 911/911/911 898/898/898
f  910/910/910 911/911/911 897/897/897
f  911/911/911 912/912/912 898/898/898
f  898/898/898 912/912/912 899/899/899
f  912/912/912 913/913/913 899/899/899
f  899/899/899 913/913/913 900/900/900
f  913/913/913 914/914/914 900/900/900
f  900/900/900 914/914/914 901/901/901
f  914/914/914 915/915/915 901/901/901
f  901/901/901 915/915/915 902/902/902
f  902/902/902 916/916/916 903/903/903
f  915/915/915 916/916/916 902/902/902
f  916/916/916 917/917/917 903/903/903
f  903/903/903 917/917/917 918/918/918
f  904/904/904 903/903/903 918/918/918
f  917/917/917 919/919/919 918/918/918
f  920/920/920 904/904/904 918/918/918
f  905/905/905 904/904/904 920/920/920
f  918/918/918 919/919/919 920/920/920
f  919/919/919 921/921/921 920/920/920
f  922/922/922 905/905/905 920/920/920
f  920/920/920 921/921/921 922/922/922
f  921/921/921 923/923/923 922/922/922
f  915/915/915 914/914/914 924/924/924
f  914/914/914 913/913/913 924/924/924
f  924/924/924 913/913/913 925/925/925
f  913/913/913 912/912/912 925/925/925
f  912/912/912 911/911/911 926/926/926
f  925/925/925 912/912/912 926/926/926
f  926/926/926 911/911/911 927/927/927
f  911/911/911 910/910/910 927/927/927
f  910/910/910 909/909/909 928/928/928
f  927/927/927 910/910/910 928/928/928
f  928/928/928 909/909/909 929/929/929
f  909/909/909 908/908/908 929/929/929
f  908/908/908 907/907/907 930/930/930
f  929/929/929 908/908/908 930/930/930
f  930/930/930 907/907/907 931/931/931
f  907/907/907 906/906/906 931/931/931
f  931/931/931 906/906/906 932/932/932
f  906/906/906 933/933/933 932/932/932
f  892/892/892 933/933/933 906/906/906
f  932/932/932 933/933/933 934/934/934
f  933/933/933 935/935/935 934/934/934
f  934/934/934 935/935/935 936/936/936
f  935/935/935 937/937/937 936/936/936
f  936/936/936 937/937/937 938/938/938
f  937/937/937 939/939/939 938/938/938
f  938/938/938 939/939/939 940/940/940
f  939/939/939 941/941/941 940/940/940
f  940/940/940 941/941/941 942/942/942
f  941/941/941 943/943/943 942/942/942
f  942/942/942 943/943/943 944/944/944
f  943/943/943 945/945/945 944/944/944
f  944/944/944 945/945/945 946/946/946
f  945/945/945 943/943/943 947/947/947
f  945/945/945 947/947/947 946/946/946
f  946/946/946 947/947/947 948/948/948
f  947/947/947 949/949/949 948/948/948
f  948/948/948 949/949/949 950/950/950
f  949/949/949 951/951/951 950/950/950
f  950/950/950 952/952/952 948/948/948
f  948/948/948 953/953/953 946/946/946
f  952/952/952 953/953/953 948/948/948
f  946/946/946 954/954/954 944/944/944
f  953/953/953 954/954/954 946/946/946
f  954/954/954 955/955/955 944/944/944
f  944/944/944 955/955/955 942/942/942
f  942/942/942 956/956/956 940/940/940
f  955/955/955 956/956/956 942/942/942
f  940/940/940 957/957/957 938/938/938
f  956/956/956 957/957/957 940/940/940
f  938/938/938 958/958/958 936/936/936
f  957/957/957 958/958/958 938/938/938
f  936/936/936 959/959/959 934/934/934
f  958/958/958 959/959/959 936/936/936
f  934/934/934 960/960/960 932/932/932
f  959/959/959 960/960/960 934/934/934
f  960/960/960 961/961/961 932/932/932
f  932/932/932 961/961/961 931/931/931
f  931/931/931 962/962/962 930/930/930
f  961/961/961 962/962/962 931/931/931
f  930/930/930 963/963/963 929/929/929
f  962/962/962 963/963/963 930/930/930
f  929/929/929 964/964/964 928/928/928
f  963/963/963 964/964/964 929/929/929
f  928/928/928 965/965/965 927/927/927
f  964/964/964 965/965/965 928/928/928
f  965/965/965 966/966/966 927/927/927
f  927/927/927 966/966/966 926/926/926
f  926/926/926 967/967/967 925/925/925
f  966/966/966 967/967/967 926/926/926
f  967/967/967 968/968/968 925/925/925
f  925/925/925 968/968/968 924/924/924
f  924/924/924 969/969/969 915/915/915
f  968/968/968 969/969/969 924/924/924
f  969/969/969 916/916/916 915/915/915
f  952/952/952 970/970/970 953/953/953
f  970/970/970 971/971/971 953/953/953
f  953/953/953 971/971/971 954/954/954
f  971/971/971 972/972/972 954/954/954
f  954/954/954 972/972/972 955/955/955
f  955/955/955 973/973/973 956/956/956
f  972/972/972 973/973/973 955/955/955
f  956/956/956 974/974/974 957/957/957
f  973/973/973 974/974/974 956/956/956
f  974/974/974 975/975/975 957/957/957
f  957/957/957 975/975/975 958/958/958
f  975/975/975 976/976/976 958/958/958
f  958/958/958 976/976/976 959/959/959
f  976/976/976 977/977/977 959/959/959
f  959/959/959 977/977/977 960/960/960
f  977/977/977 978/978/978 960/960/960
f  960/960/960 978/978/978 961/961/961
f  961/961/961 979/979/979 962/962/962
f  978/978/978 979/979/979 961/961/961
f  979/979/979 980/980/980 962/962/962
f  962/962/962 980/980/980 963/963/963
f  980/980/980 981/981/981 963/963/963
f  963/963/963 981/981/981 964/964/964
f  964/964/964 982/982/982 965/965/965
f  981/981/981 982/982/982 964/964/964
f  982/982/982 983/983/983 965/965/965
f  965/965/965 983/983/983 966/966/966
f  983/983/983 984/984/984 966/966/966
f  966/966/966 984/984/984 967/967/967
f  984/984/984 985/985/985 967/967/967
f  967/967/967 986/986/986 968/968/968
f  967/967/967 985/985/985 986/986/986
f  985/985/985 987/987/987 986/986/986
f  986/986/986 987/987/987 988/988/988
f  987/987/987 989/989/989 988/988/988
f  917/917/917 988/988/988 990/990/990
f  917/917/917 990/990/990 919/919/919
f  988/988/988 989/989/989 990/990/990
f  990/990/990 991/991/991 919/919/919
f  989/989/989 991/991/991 990/990/990
f  919/919/919 992/992/992 921/921/921
f  991/991/991 992/992/992 919/919/919
f  974/974/974 973/973/973 993/993/993
f  974/974/974 993/993/993 975/975/975
f  993/993/993 994/994/994 975/975/975
f  975/975/975 994/994/994 976/976/976
f  994/994/994 995/995/995 976/976/976
f  976/976/976 995/995/995 977/977/977
f  977/977/977 996/996/996 978/978/978
f  995/995/995 996/996/996 977/977/977
f  978/978/978 997/997/997 979/979/979
f  996/996/996 997/997/997 978/978/978
f  997/997/997 998/998/998 979/979/979
f  999/999/999 980/980/980 979/979/979
f  979/979/979 998/998/998 999/999/999
f  981/981/981 980/980/980 999/999/999
f  998/998/998 1000/1000/1000 999/999/999
f  999/999/999 1000/1000/1000 1001/1001/1001
f  1000/1000/1000 1002/1002/1002 1001/1001/1001
f  1001/1001/1001 1002/1002/1002 1003/1003/1003
f  1002/1002/1002 1004/1004/1004 1003/1003/1003
f  1003/1003/1003 1004/1004/1004 1005/1005/1005
f  1004/1004/1004 1006/1006/1006 1005/1005/1005
f  1005/1005/1005 1006/1006/1006 1007/1007/1007
f  1006/1006/1006 1008/1008/1008 1007/1007/1007
f  1007/1007/1007 1008/1008/1008 1009/1009/1009
f  1008/1008/1008 1010/1010/1010 1009/1009/1009
f  1009/1009/1009 1010/1010/1010 1011/1011/1011
f  1010/1010/1010 1012/1012/1012 1011/1011/1011
f  1011/1011/1011 1012/1012/1012 1013/1013/1013
f  1012/1012/1012 1014/1014/1014 1013/1013/1013
f  1013/1013/1013 1014/1014/1014 1015/1015/1015
f  1014/1014/1014 1016/1016/1016 1015/1015/1015
f  1015/1015/1015 1016/1016/1016 1017/1017/1017
f  1016/1016/1016 1018/1018/1018 1017/1017/1017
f  1017/1017/1017 1018/1018/1018 1019/1019/1019
f  1018/1018/1018 1020/1020/1020 1019/1019/1019
f  1019/1019/1019 1020/1020/1020 1021/1021/1021
f  1020/1020/1020 1022/1022/1022 1021/1021/1021
f  1021/1021/1021 1022/1022/1022 1023/1023/1023
f  1022/1022/1022 1024/1024/1024 1023/1023/1023
f  1019/1019/1019 1025/1025/1025 1017/1017/1017
f  1025/1025/1025 1026/1026/1026 1017/1017/1017
f  1017/1017/1017 1026/1026/1026 1015/1015/1015
f  1026/1026/1026 1027/1027/1027 1015/1015/1015
f  1015/1015/1015 1027/1027/1027 1013/1013/1013
f  1013/1013/1013 1028/1028/1028 1011/1011/1011
f  1027/1027/1027 1028/1028/1028 1013/1013/1013
f  1011/1011/1011 1029/1029/1029 1009/1009/1009
f  1028/1028/1028 1029/1029/1029 1011/1011/1011
f  1029/1029/1029 1030/1030/1030 1009/1009/1009
f  1009/1009/1009 1030/1030/1030 1007/1007/1007
f  1007/1007/1007 1031/1031/1031 1005/1005/1005
f  1030/1030/1030 1031/1031/1031 1007/1007/1007
f  1031/1031/1031 1032/1032/1032 1005/1005/1005
f  1005/1005/1005 1032/1032/1032 1003/1003/1003
f  983/983/983 982/982/982 1033/1033/1033
f  1032/1032/1032 1033/1033/1033 1003/1003/1003
f  1033/1033/1033 982/982/982 981/981/981
f  999/999/999 1001/1001/1001 1034/1034/1034
f  1033/1033/1033 981/981/981 1034/1034/1034
f  1034/1034/1034 981/981/981 999/999/999
f  1003/1003/1003 1033/1033/1033 1034/1034/1034
f  1001/1001/1001 1003/1003/1003 1034/1034/1034
f  1025/1025/1025 1035/1035/1035 1026/1026/1026
f  1035/1035/1035 1036/1036/1036 1026/1026/1026
f  1026/1026/1026 1036/1036/1036 1027/1027/1027
f  1027/1027/1027 1037/1037/1037 1028/1028/1028
f  1036/1036/1036 1037/1037/1037 1027/1027/1027
f  1037/1037/1037 1038/1038/1038 1028/1028/1028
f  1028/1028/1028 1038/1038/1038 1029/1029/1029
f  989/989/989 987/987/987 1038/1038/1038
f  1029/1029/1029 1039/1039/1039 1030/1030/1030
f  1038/1038/1038 1039/1039/1039 1029/1029/1029
f  1039/1039/1039 1038/1038/1038 1040/1040/1040
f  1038/1038/1038 987/987/987 1040/1040/1040
f  1040/1040/1040 987/987/987 985/985/985
f  984/984/984 1040/1040/1040 985/985/985
f  1039/1039/1039 1040/1040/1040 1030/1030/1030
f  1040/1040/1040 984/984/984 1041/1041/1041
f  1031/1031/1031 1030/1030/1030 1041/1041/1041
f  1030/1030/1030 1040/1040/1040 1041/1041/1041
f  1042/1042/1042 1031/1031/1031 1041/1041/1041
f  1032/1032/1032 1031/1031/1031 1042/1042/1042
f  1033/1033/1033 1032/1032/1032 1042/1042/1042
f  1042/1042/1042 983/983/983 1033/1033/1033
f  984/984/984 983/983/983 1042/1042/1042
f  1041/1041/1041 984/984/984 1042/1042/1042
f  973/973/973 1043/1043/1043 993/993/993
f  993/993/993 1043/1043/1043 1044/1044/1044
f  1043/1043/1043 1045/1045/1045 1044/1044/1044
f  1044/1044/1044 1045/1045/1045 1046/1046/1046
f  1045/1045/1045 1047/1047/1047 1046/1046/1046
f  1046/1046/1046 1047/1047/1047 1048/1048/1048
f  1047/1047/1047 1049/1049/1049 1048/1048/1048
f  1048/1048/1048 1049/1049/1049 1050/1050/1050
f  1049/1049/1049 1051/1051/1051 1050/1050/1050
f  1050/1050/1050 1051/1051/1051 1052/1052/1052
f  1051/1051/1051 1053/1053/1053 1052/1052/1052
f  1052/1052/1052 1053/1053/1053 1054/1054/1054
f  1053/1053/1053 1055/1055/1055 1054/1054/1054
f  1054/1054/1054 1055/1055/1055 1056/1056/1056
f  1056/1056/1056 1052/1052/1052 1054/1054/1054
f  1055/1055/1055 1057/1057/1057 1056/1056/1056
f  1056/1056/1056 1057/1057/1057 1058/1058/1058
f  1057/1057/1057 1059/1059/1059 1058/1058/1058
f  1058/1058/1058 1059/1059/1059 1060/1060/1060
f  1059/1059/1059 1061/1061/1061 1060/1060/1060
f  1060/1060/1060 1061/1061/1061 1062/1062/1062
f  1061/1061/1061 1063/1063/1063 1062/1062/1062
f  1062/1062/1062 1063/1063/1063 1064/1064/1064
f  1063/1063/1063 1065/1065/1065 1064/1064/1064
f  1064/1064/1064 1065/1065/1065 1066/1066/1066
f  1065/1065/1065 1067/1067/1067 1066/1066/1066
f  1066/1066/1066 1067/1067/1067 1068/1068/1068
f  1067/1067/1067 1069/1069/1069 1068/1068/1068
f  1068/1068/1068 1069/1069/1069 1070/1070/1070
f  1069/1069/1069 1071/1071/1071 1070/1070/1070
f  1070/1070/1070 1071/1071/1071 1072/1072/1072
f  1071/1071/1071 1073/1073/1073 1072/1072/1072
f  1072/1072/1072 1073/1073/1073 1074/1074/1074
f  1073/1073/1073 1075/1075/1075 1074/1074/1074
f  1074/1074/1074 1075/1075/1075 1076/1076/1076
f  1075/1075/1075 1077/1077/1077 1076/1076/1076
f  1076/1076/1076 1077/1077/1077 1078/1078/1078
f  1077/1077/1077 1079/1079/1079 1078/1078/1078
f  1078/1078/1078 1079/1079/1079 1080/1080/1080
f  1079/1079/1079 1081/1081/1081 1080/1080/1080
f  1080/1080/1080 1081/1081/1081 1082/1082/1082
f  1081/1081/1081 1083/1083/1083 1082/1082/1082
f  1082/1082/1082 1083/1083/1083 1084/1084/1084
f  1085/1085/1085 1022/1022/1022 1020/1020/1020
f  1083/1083/1083 1085/1085/1085 1084/1084/1084
f  1085/1085/1085 1020/1020/1020 1086/1086/1086
f  1084/1084/1084 1085/1085/1085 1086/1086/1086
f  1086/1086/1086 1020/1020/1020 1018/1018/1018
f  1018/1018/1018 1016/1016/1016 1086/1086/1086
f  1049/1049/1049 1087/1087/1087 1051/1051/1051
f  1051/1051/1051 1087/1087/1087 1053/1053/1053
f  1053/1053/1053 1088/1088/1088 1055/1055/1055
f  1087/1087/1087 1088/1088/1088 1053/1053/1053
f  1088/1088/1088 1089/1089/1089 1055/1055/1055
f  1055/1055/1055 1089/1089/1089 1057/1057/1057
f  1057/1057/1057 1090/1090/1090 1059/1059/1059
f  1089/1089/1089 1090/1090/1090 1057/1057/1057
f  1090/1090/1090 1091/1091/1091 1059/1059/1059
f  1059/1059/1059 1091/1091/1091 1061/1061/1061
f  1091/1091/1091 1092/1092/1092 1061/1061/1061
f  1061/1061/1061 1092/1092/1092 1063/1063/1063
f  1063/1063/1063 1093/1093/1093 1065/1065/1065
f  1092/1092/1092 1093/1093/1093 1063/1063/1063
f  1093/1093/1093 1094/1094/1094 1065/1065/1065
f  1065/1065/1065 1094/1094/1094 1067/1067/1067
f  1067/1067/1067 1095/1095/1095 1069/1069/1069
f  1094/1094/1094 1095/1095/1095 1067/1067/1067
f  1095/1095/1095 1096/1096/1096 1069/1069/1069
f  1069/1069/1069 1096/1096/1096 1071/1071/1071
f  1096/1096/1096 1097/1097/1097 1071/1071/1071
f  1071/1071/1071 1097/1097/1097 1073/1073/1073
f  1097/1097/1097 1098/1098/1098 1073/1073/1073
f  1073/1073/1073 1098/1098/1098 1075/1075/1075
f  1075/1075/1075 1099/1099/1099 1077/1077/1077
f  1098/1098/1098 1099/1099/1099 1075/1075/1075
f  1099/1099/1099 1100/1100/1100 1077/1077/1077
f  1077/1077/1077 1100/1100/1100 1079/1079/1079
f  1100/1100/1100 1101/1101/1101 1079/1079/1079
f  1079/1079/1079 1101/1101/1101 1081/1081/1081
f  1081/1081/1081 1102/1102/1102 1083/1083/1083
f  1101/1101/1101 1102/1102/1102 1081/1081/1081
f  1083/1083/1083 1103/1103/1103 1085/1085/1085
f  1103/1103/1103 1022/1022/1022 1085/1085/1085
f  1102/1102/1102 1103/1103/1103 1083/1083/1083
f  1103/1103/1103 1024/1024/1024 1022/1022/1022
f  1087/1087/1087 1104/1104/1104 1088/1088/1088
f  1104/1104/1104 1105/1105/1105 1088/1088/1088
f  1088/1088/1088 1105/1105/1105 1089/1089/1089
f  1089/1089/1089 1106/1106/1106 1090/1090/1090
f  1105/1105/1105 1106/1106/1106 1089/1089/1089
f  1090/1090/1090 1107/1107/1107 1091/1091/1091
f  1106/1106/1106 1107/1107/1107 1090/1090/1090
f  1107/1107/1107 1108/1108/1108 1091/1091/1091
f  1091/1091/1091 1108/1108/1108 1092/1092/1092
f  1108/1108/1108 1109/1109/1109 1092/1092/1092
f  1092/1092/1092 1109/1109/1109 1093/1093/1093
f  1109/1109/1109 1110/1110/1110 1093/1093/1093
f  1093/1093/1093 1110/1110/1110 1094/1094/1094
f  1094/1094/1094 1111/1111/1111 1095/1095/1095
f  1110/1110/1110 1111/1111/1111 1094/1094/1094
f  1095/1095/1095 1112/1112/1112 1096/1096/1096
f  1111/1111/1111 1112/1112/1112 1095/1095/1095
f  1112/1112/1112 1113/1113/1113 1096/1096/1096
f  1096/1096/1096 1113/1113/1113 1097/1097/1097
f  1113/1113/1113 1114/1114/1114 1097/1097/1097
f  1097/1097/1097 1114/1114/1114 1098/1098/1098
f  1098/1098/1098 1115/1115/1115 1099/1099/1099
f  1114/1114/1114 1115/1115/1115 1098/1098/1098
f  1099/1099/1099 1116/1116/1116 1100/1100/1100
f  1115/1115/1115 1116/1116/1116 1099/1099/1099
f  1100/1100/1100 1117/1117/1117 1101/1101/1101
f  1116/1116/1116 1117/1117/1117 1100/1100/1100
f  1101/1101/1101 1118/1118/1118 1102/1102/1102
f  1117/1117/1117 1118/1118/1118 1101/1101/1101
f  1118/1118/1118 1119/1119/1119 1102/1102/1102
f  1102/1102/1102 1119/1119/1119 1103/1103/1103
f  1119/1119/1119 1024/1024/1024 1103/1103/1103
f  1104/1104/1104 1087/1087/1087 1120/1120/1120
f  1121/1121/1121 1087/1087/1087 1049/1049/1049
f  1087/1087/1087 1121/1121/1121 1120/1120/1120
f  1047/1047/1047 1121/1121/1121 1049/1049/1049
f  1120/1120/1120 1121/1121/1121 1122/1122/1122
f  1123/1123/1123 1121/1121/1121 1047/1047/1047
f  1045/1045/1045 1123/1123/1123 1047/1047/1047
f  1121/1121/1121 1123/1123/1123 1122/1122/1122
f  1122/1122/1122 1123/1123/1123 1124/1124/1124
f  1123/1123/1123 1125/1125/1125 1124/1124/1124
f  1125/1125/1125 1123/1123/1123 1045/1045/1045
f  1124/1124/1124 1125/1125/1125 1126/1126/1126
f  972/972/972 971/971/971 1126/1126/1126
f  1126/1126/1126 1127/1127/1127 972/972/972
f  1125/1125/1125 1127/1127/1127 1126/1126/1126
f  1127/1127/1127 973/973/973 972/972/972
f  1127/1127/1127 1125/1125/1125 1045/1045/1045
f  1045/1045/1045 1043/1043/1043 1127/1127/1127
f  1043/1043/1043 973/973/973 1127/1127/1127
f  1086/1086/1086 1128/1128/1128 1084/1084/1084
f  1128/1128/1128 1082/1082/1082 1084/1084/1084
f  1016/1016/1016 1014/1014/1014 1128/1128/1128
f  1016/1016/1016 1128/1128/1128 1086/1086/1086
f  1129/1129/1129 1080/1080/1080 1082/1082/1082
f  1014/1014/1014 1129/1129/1129 1128/1128/1128
f  1012/1012/1012 1129/1129/1129 1014/1014/1014
f  1128/1128/1128 1129/1129/1129 1082/1082/1082
f  1129/1129/1129 1012/1012/1012 1130/1130/1130
f  1080/1080/1080 1130/1130/1130 1078/1078/1078
f  1080/1080/1080 1129/1129/1129 1130/1130/1130
f  1012/1012/1012 1010/1010/1010 1131/1131/1131
f  1130/1130/1130 1012/1012/1012 1131/1131/1131
f  1010/1010/1010 1008/1008/1008 1132/1132/1132
f  1131/1131/1131 1010/1010/1010 1132/1132/1132
f  1132/1132/1132 1008/1008/1008 1133/1133/1133
f  1008/1008/1008 1006/1006/1006 1133/1133/1133
f  1133/1133/1133 1006/1006/1006 1134/1134/1134
f  1006/1006/1006 1004/1004/1004 1134/1134/1134
f  1134/1134/1134 1004/1004/1004 1135/1135/1135
f  1004/1004/1004 1002/1002/1002 1135/1135/1135
f  1002/1002/1002 1000/1000/1000 1136/1136/1136
f  1135/1135/1135 1002/1002/1002 1136/1136/1136
f  1136/1136/1136 1000/1000/1000 1137/1137/1137
f  1000/1000/1000 998/998/998 1138/1138/1138
f  1000/1000/1000 1138/1138/1138 1137/1137/1137
f  998/998/998 997/997/997 1138/1138/1138
f  1137/1137/1137 1138/1138/1138 1139/1139/1139
f  997/997/997 996/996/996 1140/1140/1140
f  1138/1138/1138 1140/1140/1140 1139/1139/1139
f  1138/1138/1138 997/997/997 1140/1140/1140
f  1139/1139/1139 1140/1140/1140 1141/1141/1141
f  1140/1140/1140 996/996/996 1142/1142/1142
f  1140/1140/1140 1142/1142/1142 1141/1141/1141
f  996/996/996 995/995/995 1142/1142/1142
f  1141/1141/1141 1142/1142/1142 1143/1143/1143
f  995/995/995 994/994/994 1144/1144/1144
f  1142/1142/1142 995/995/995 1144/1144/1144
f  1142/1142/1142 1144/1144/1144 1143/1143/1143
f  1143/1143/1143 1144/1144/1144 1145/1145/1145
f  1145/1145/1145 1044/1044/1044 1046/1046/1046
f  1078/1078/1078 1146/1146/1146 1076/1076/1076
f  1130/1130/1130 1146/1146/1146 1078/1078/1078
f  1131/1131/1131 1132/1132/1132 1146/1146/1146
f  1130/1130/1130 1131/1131/1131 1146/1146/1146
f  1146/1146/1146 1147/1147/1147 1076/1076/1076
f  1132/1132/1132 1133/1133/1133 1147/1147/1147
f  1076/1076/1076 1147/1147/1147 1074/1074/1074
f  1146/1146/1146 1132/1132/1132 1147/1147/1147
f  1147/1147/1147 1133/1133/1133 1148/1148/1148
f  1147/1147/1147 1148/1148/1148 1074/1074/1074
f  1074/1074/1074 1148/1148/1148 1072/1072/1072
f  1148/1148/1148 1149/1149/1149 1072/1072/1072
f  1072/1072/1072 1149/1149/1149 1070/1070/1070
f  1149/1149/1149 1150/1150/1150 1070/1070/1070
f  1070/1070/1070 1150/1150/1150 1068/1068/1068
f  1150/1150/1150 1151/1151/1151 1068/1068/1068
f  1068/1068/1068 1151/1151/1151 1066/1066/1066
f  1151/1151/1151 1152/1152/1152 1066/1066/1066
f  1066/1066/1066 1152/1152/1152 1064/1064/1064
f  1152/1152/1152 1153/1153/1153 1064/1064/1064
f  1064/1064/1064 1153/1153/1153 1062/1062/1062
f  1062/1062/1062 1154/1154/1154 1060/1060/1060
f  1153/1153/1153 1154/1154/1154 1062/1062/1062
f  1060/1060/1060 1155/1155/1155 1058/1058/1058
f  1154/1154/1154 1155/1155/1155 1060/1060/1060
f  1058/1058/1058 1156/1156/1156 1056/1056/1056
f  1155/1155/1155 1156/1156/1156 1058/1058/1058
f  1156/1156/1156 1050/1050/1050 1052/1052/1052
f  1156/1156/1156 1052/1052/1052 1056/1056/1056
f  1133/1133/1133 1134/1134/1134 1157/1157/1157
f  1148/1148/1148 1157/1157/1157 1149/1149/1149
f  1133/1133/1133 1157/1157/1157 1148/1148/1148
f  1134/1134/1134 1135/1135/1135 1158/1158/1158
f  1157/1157/1157 1158/1158/1158 1149/1149/1149
f  1149/1149/1149 1158/1158/1158 1150/1150/1150
f  1157/1157/1157 1134/1134/1134 1158/1158/1158
f  1158/1158/1158 1159/1159/1159 1150/1150/1150
f  1150/1150/1150 1159/1159/1159 1151/1151/1151
f  1159/1159/1159 1160/1160/1160 1151/1151/1151
f  1151/1151/1151 1160/1160/1160 1152/1152/1152
f  1160/1160/1160 1161/1161/1161 1152/1152/1152
f  1152/1152/1152 1161/1161/1161 1153/1153/1153
f  1161/1161/1161 1162/1162/1162 1153/1153/1153
f  1153/1153/1153 1162/1162/1162 1154/1154/1154
f  1162/1162/1162 1163/1163/1163 1154/1154/1154
f  1154/1154/1154 1163/1163/1163 1155/1155/1155
f  1163/1163/1163 1164/1164/1164 1155/1155/1155
f  1155/1155/1155 1164/1164/1164 1156/1156/1156
f  1164/1164/1164 1050/1050/1050 1156/1156/1156
f  1135/1135/1135 1136/1136/1136 1165/1165/1165
f  1160/1160/1160 1159/1159/1159 1165/1165/1165
f  1165/1165/1165 1159/1159/1159 1158/1158/1158
f  1158/1158/1158 1135/1135/1135 1165/1165/1165
f  1136/1136/1136 1137/1137/1137 1166/1166/1166
f  1161/1161/1161 1160/1160/1160 1166/1166/1166
f  1166/1166/1166 1160/1160/1160 1165/1165/1165
f  1165/1165/1165 1136/1136/1136 1166/1166/1166
f  1166/1166/1166 1137/1137/1137 1167/1167/1167
f  1167/1167/1167 1161/1161/1161 1166/1166/1166
f  1162/1162/1162 1161/1161/1161 1167/1167/1167
f  1137/1137/1137 1139/1139/1139 1167/1167/1167
f  1139/1139/1139 1141/1141/1141 1168/1168/1168
f  1163/1163/1163 1162/1162/1162 1168/1168/1168
f  1168/1168/1168 1162/1162/1162 1167/1167/1167
f  1167/1167/1167 1139/1139/1139 1168/1168/1168
f  1168/1168/1168 1141/1141/1141 1169/1169/1169
f  1141/1141/1141 1143/1143/1143 1169/1169/1169
f  1169/1169/1169 1163/1163/1163 1168/1168/1168
f  1169/1169/1169 1143/1143/1143 1170/1170/1170
f  1170/1170/1170 1145/1145/1145 1046/1046/1046
f  1046/1046/1046 1048/1048/1048 1170/1170/1170
f  1143/1143/1143 1145/1145/1145 1170/1170/1170
f  1171/1171/1171 1163/1163/1163 1169/1169/1169
f  1050/1050/1050 1164/1164/1164 1171/1171/1171
f  1171/1171/1171 1164/1164/1164 1163/1163/1163
f  1048/1048/1048 1171/1171/1171 1170/1170/1170
f  1170/1170/1170 1171/1171/1171 1169/1169/1169
f  1048/1048/1048 1050/1050/1050 1171/1171/1171
f  1144/1144/1144 994/994/994 1172/1172/1172
f  1172/1172/1172 993/993/993 1044/1044/1044
f  994/994/994 993/993/993 1172/1172/1172
f  1126/1126/1126 1173/1173/1173 1124/1124/1124
f  971/971/971 1173/1173/1173 1126/1126/1126
f  1173/1173/1173 971/971/971 970/970/970
f  986/986/986 1174/1174/1174 968/968/968
f  968/968/968 1174/1174/1174 969/969/969
f  1174/1174/1174 916/916/916 969/969/969
f  916/916/916 1174/1174/1174 917/917/917
f  988/988/988 1174/1174/1174 986/986/986
f  1174/1174/1174 988/988/988 917/917/917
f  943/943/943 1175/1175/1175 947/947/947
f  947/947/947 1175/1175/1175 949/949/949
f  943/943/943 941/941/941 1175/1175/1175
f  949/949/949 1176/1176/1176 951/951/951
f  1175/1175/1175 1176/1176/1176 949/949/949
f  1176/1176/1176 1177/1177/1177 951/951/951
f  941/941/941 939/939/939 1178/1178/1178
f  941/941/941 1178/1178/1178 1175/1175/1175
f  1175/1175/1175 1178/1178/1178 1176/1176/1176
f  1176/1176/1176 1179/1179/1179 1177/1177/1177
f  1178/1178/1178 1179/1179/1179 1176/1176/1176
f  1179/1179/1179 1180/1180/1180 1177/1177/1177
f  939/939/939 937/937/937 1181/1181/1181
f  939/939/939 1181/1181/1181 1178/1178/1178
f  1178/1178/1178 1181/1181/1181 1179/1179/1179
f  1181/1181/1181 1182/1182/1182 1179/1179/1179
f  1179/1179/1179 1182/1182/1182 1180/1180/1180
f  1182/1182/1182 1183/1183/1183 1180/1180/1180
f  1181/1181/1181 1184/1184/1184 1182/1182/1182
f  937/937/937 1184/1184/1184 1181/1181/1181
f  935/935/935 1184/1184/1184 937/937/937
f  864/864/864 1185/1185/1185 865/865/865
f  1182/1182/1182 1185/1185/1185 1183/1183/1183
f  1184/1184/1184 1185/1185/1185 1182/1182/1182
f  1185/1185/1185 864/864/864 1183/1183/1183
f  1186/1186/1186 1185/1185/1185 1184/1184/1184
f  1186/1186/1186 933/933/933 892/892/892
f  865/865/865 1186/1186/1186 892/892/892
f  933/933/933 1186/1186/1186 935/935/935
f  1186/1186/1186 1184/1184/1184 935/935/935
f  1185/1185/1185 1186/1186/1186 865/865/865
f  1023/1023/1023 1187/1187/1187 1021/1021/1021
f  1187/1187/1187 1188/1188/1188 1021/1021/1021
f  1021/1021/1021 1188/1188/1188 1019/1019/1019
f  1188/1188/1188 1189/1189/1189 1019/1019/1019
f  1019/1019/1019 1189/1189/1189 1025/1025/1025
f  1025/1025/1025 1190/1190/1190 1035/1035/1035
f  1190/1190/1190 921/921/921 1035/1035/1035
f  1190/1190/1190 923/923/923 921/921/921
f  1189/1189/1189 1190/1190/1190 1025/1025/1025
f  1035/1035/1035 921/921/921 1191/1191/1191
f  1036/1036/1036 1035/1035/1035 1191/1191/1191
f  1188/1188/1188 1192/1192/1192 1189/1189/1189
f  1188/1188/1188 1187/1187/1187 1192/1192/1192
f  1189/1189/1189 1193/1193/1193 1190/1190/1190
f  1192/1192/1192 1193/1193/1193 1189/1189/1189
f  1193/1193/1193 923/923/923 1190/1190/1190
f  63/63/63 1194/1194/1194 62/62/62
f  856/856/856 855/855/855 1195/1195/1195

g
